;;;;;;;;;;;;x,,,,,,,,,,,,,
gtfo_on_title;'�ӱ� �ع�' ������ ǥ��.;Enable 'Release Vassal' decisions;;;;;;;;;;;;x,,
gtfo_on_desc;�ӱ� �ع� �������� ����� �ӱ��� �ع��� �� �ְ� ���ָ�, ���� ����� ��Ʈ���߸��� ���� ������ �ʴ´ٸ� ���� �� �ֽ��ϴ�.;The Release Vassal decisions allow you to release vassals, and are otherwise kept hidden from view to avoid having them clutter up your decision list.;;;;;;;;;;;;x
gtfo_off_title;'�ӱ� �ع�' ������ �����;Disable 'Release Vassal' decisions;;;;;;;;;;;;x,,
gtfo_off_desc;���� ��Ͽ��� ����ϴ�!;Your decision list will now be uncluttered!;;;;;;;;;;;;x,,
gtfo_disabled_title;'�ӱ� �ع�' ������ ����;Deactivate 'Release Vassal' decisions;;;;;;;;;;;;x,,
gtfo_disabled_desc;'�ӱ� �ع�' �������� �� ���ӿ��� �ٽô� ��Ÿ���� �ʽ��ϴ�.;The 'Release Vassal' decisions will disappear from this game session and won't reappear again. You won't be able to use these decisions again for this game.;;;;;;;;;;;;x,,
gtfo_MNP_title;����Ǫ�� ���� �㰡;;;;;;;;;;;;x,,
gtfo_MNP_desc;����Ǫ�������� ���踦 ���� ���� �Խ��ϴ�.;;;;;;;;;;;;x
gtfo_BDK_title;�ٴ��弢 ���� �㰡;;;;;;;;;;;;x,,
gtfo_BDK_desc;�ٴ��弢������ ���踦 ���� ���� �Խ��ϴ�.;;;;;;;;;;;;x
gtfo_PGG_title;�� ���� �㰡;;;;;;;;;;;;x,,
gtfo_PGG_desc;�򳲿����� ���踦 ���� ���� �Խ��ϴ�.;;;;;;;;;;;;x
gtfo_SGM_title;���׸����� ���� �㰡;;;;;;;;;;;;x,,
gtfo_SGM_desc;���׸����տ����� ���踦 ���� ���� �Խ��ϴ�.;;;;;;;;;;;;x
gtfo_NMB_title;���̺�� ���� �㰡;;;;;;;;;;;;x,,
gtfo_NMB_desc;���̺�ƿ����� ���踦 ���� ���� �Խ��ϴ�.;;;;;;;;;;;;x
gtfo_TMR_title;Ƽ�� ���� �㰡;;;;;;;;;;;;x,,
gtfo_TMR_desc;Ƽ�𸣿����� ���踦 ���� ���� �Խ��ϴ�.;;;;;;;;;;;;x
gtfo_SLG_title;�������� ���� �㰡;;;;;;;;;;;;x,,
gtfo_SLG_desc;�������������� ���踦 ���� ���� �Խ��ϴ�.;;;;;;;;;;;;x
gtfo_PRK_title;��� ���� �㰡;;;;;;;;;;;;x,,
gtfo_PRK_desc;��������� ���踦 ���� ���� �Խ��ϴ�.;;;;;;;;;;;;x
gtfo_PHG_title;���� ���� �㰡;;;;;;;;;;;;x,,
gtfo_PHG_desc;���׿����� ���踦 ���� ���� �Խ��ϴ�.;;;;;;;;;;;;x
gtfo_FRO_title;��� ���� �㰡;;;;;;;;;;;;x,,
gtfo_FRO_desc;��ο����� ���踦 ���� ���� �Խ��ϴ�.;;;;;;;;;;;;x
gtfo_NCT_title;������ ���� �㰡;;;;;;;;;;;;x,,
gtfo_NCT_desc;�����ڿ����� ���踦 ���� ���� �Խ��ϴ�.;;;;;;;;;;;;x
gtfo_HBY_title;ȣ�� ���� �㰡;;;;;;;;;;;;x,,
gtfo_HBY_desc;ȣ�̿����� ���踦 ���� ���� �Խ��ϴ�.;;;;;;;;;;;;x
gtfo_QAT_title;īŸ�� ���� �㰡;;;;;;;;;;;;x,,
gtfo_QAT_desc;īŸ�������� ���踦 ���� ���� �Խ��ϴ�.;;;;;;;;;;;;x
gtfo_BRY_title;�η�Ʈ ���� �㰡;;;;;;;;;;;;x,,
gtfo_BRY_desc;�η�Ʈ������ ���踦 ���� ���� �Խ��ϴ�.;;;;;;;;;;;;x
gtfo_MLD_title;����� ���� �㰡;;;;;;;;;;;;x,,
gtfo_MLD_desc;����꿡���� ���踦 ���� ���� �Խ��ϴ�.;;;;;;;;;;;;x
gtfo_KAR_title;ī�� ���� �㰡;;;;;;;;;;;;x,,
gtfo_KAR_desc;ī�������� ���踦 ���� ���� �Խ��ϴ�.;;;;;;;;;;;;x
gtfo_PAK_title;��Ű��ź ���� �㰡;;;;;;;;;;;;x,,
gtfo_PAK_desc;��Ű��ź������ ���踦 ���� ���� �Խ��ϴ�.;;;;;;;;;;;;x
gtfo_CRL_title;ġƮ�� ���� �㰡;;;;;;;;;;;;x,,
gtfo_CRL_desc;ġƮ�������� ���踦 ���� ���� �Խ��ϴ�.;;;;;;;;;;;;x
gtfo_RDL_title;�Ƹ��޶� ���� �㰡;;;;;;;;;;;;x,,
gtfo_RDL_desc;�Ƹ��޶������� ���踦 ���� ���� �Խ��ϴ�.;;;;;;;;;;;;x
gtfo_BTL_title;��Ʋ���� ���� �㰡;;;;;;;;;;;;x,,
gtfo_BTL_desc;��Ʋ���������� ���踦 ���� ���� �Խ��ϴ�.;;;;;;;;;;;;x
gtfo_BDN_title;����� ���� �㰡;;;;;;;;;;;;x,,
gtfo_BDN_desc;����𳭿����� ���踦 ���� ���� �Խ��ϴ�.;;;;;;;;;;;;x
gtfo_BNB_title;�ٹ� ���� �㰡;;;;;;;;;;;;x,,
gtfo_BNB_desc;�ٹݿ����� ���踦 ���� ���� �Խ��ϴ�.;;;;;;;;;;;;x
gtfo_MKN_title;��ũ���� ���� �㰡;;;;;;;;;;;;x,,
gtfo_MKN_desc;��ũ���ῡ���� ���踦 ���� ���� �Խ��ϴ�.;;;;;;;;;;;;x
gtfo_BHT_title;��ź ���� �㰡;;;;;;;;;;;;x,,
gtfo_BHT_desc;��ź������ ���踦 ���� ���� �Խ��ϴ�.;;;;;;;;;;;;x
gtfo_SRN_title;�Ҷ� ���� �㰡;;;;;;;;;;;;x,,
gtfo_SRN_desc;�Ҷ������� ���踦 ���� ���� �Խ��ϴ�.;;;;;;;;;;;;x
gtfo_LBG_title;���θ�ũ ���� �㰡;;;;;;;;;;;;x,,
gtfo_LBG_desc;���θ�ũ������ ���踦 ���� ���� �Խ��ϴ�.;;;;;;;;;;;;x
gtfo_PNB_title;�丣������ ���� �㰡;;;;;;;;;;;;x,,
gtfo_PNB_desc;�丣������������ ���踦 ���� ���� �Խ��ϴ�.;;;;;;;;;;;;x
gtfo_FIU_title;�ǿ�� ���� �㰡;;;;;;;;;;;;x,,
gtfo_FIU_desc;�ǿ�޿����� ���踦 ���� ���� �Խ��ϴ�.;;;;;;;;;;;;x
gtfo_SYC_title;��ĥ���� ���� �㰡;;;;;;;;;;;;x,,
gtfo_SYC_desc;��ĥ���ƿ����� ���踦 ���� ���� �Խ��ϴ�.;;;;;;;;;;;;x
gtfo_MDV_title;������ ���� �㰡;;;;;;;;;;;;x,,
gtfo_MDV_desc;�����ٿ����� ���踦 ���� ���� �Խ��ϴ�.;;;;;;;;;;;;x
gtfo_ABK_title;�������� ���� �㰡;;;;;;;;;;;;x,,
gtfo_ABK_desc;�������߿����� ���踦 ���� ���� �Խ��ϴ�.;;;;;;;;;;;;x
gtfo_CRT_title;�ڸ����׽� ���� �㰡;;;;;;;;;;;;x,,
gtfo_CRT_desc;�ڸ����׽������� ���踦 ���� ���� �Խ��ϴ�.;;;;;;;;;;;;x
gtfo_SBA_title;�ο��뽺���̷��� ���� �㰡;;;;;;;;;;;;x,,
gtfo_SBA_desc;�ο��뽺���̷��������� ���踦 ���� ���� �Խ��ϴ�.;;;;;;;;;;;;x
gtfo_ARC_title;�Ƹ���Ƽ�� ���� �㰡;;;;;;;;;;;;x,,
gtfo_ARC_desc;�Ƹ���Ƽ�������� ���踦 ���� ���� �Խ��ϴ�.;;;;;;;;;;;;x
gtfo_LHJ_title;������ ���� �㰡;;;;;;;;;;;;x,,
gtfo_LHJ_desc;������������ ���踦 ���� ���� �Խ��ϴ�.;;;;;;;;;;;;x
gtfo_FDL_title;�ĵ鸮 ���� �㰡;;;;;;;;;;;;x,,
gtfo_FDL_desc;�ĵ鸮������ ���踦 ���� ���� �Խ��ϴ�.;;;;;;;;;;;;x
gtfo_KTH_title;īƼ�� ���� �㰡;;;;;;;;;;;;x,,
gtfo_KTH_desc;īƼ�������� ���踦 ���� ���� �Խ��ϴ�.;;;;;;;;;;;;x
gtfo_MHR_title;����� ���� �㰡;;;;;;;;;;;;x,,
gtfo_MHR_desc;����󿡼��� ���踦 ���� ���� �Խ��ϴ�.;;;;;;;;;;;;x
gtfo_KML_title;���� ���� �㰡;;;;;;;;;;;;x,,
gtfo_KML_desc;���������� ���踦 ���� ���� �Խ��ϴ�.;;;;;;;;;;;;x
gtfo_SHK_title;�Ƿ�ũ ���� �㰡;;;;;;;;;;;;x,,
gtfo_SHK_desc;�Ƿ�ũ������ ���踦 ���� ���� �Խ��ϴ�.;;;;;;;;;;;;x
gtfo_WRL_title;�͸��󰥸� ���� �㰡;;;;;;;;;;;;x,,
gtfo_WRL_desc;�͸��󰥸������� ���踦 ���� ���� �Խ��ϴ�.;;;;;;;;;;;;x
gtfo_BHP_title;���Ͽ�Ǫ�� ���� �㰡;;;;;;;;;;;;x,,
gtfo_BHP_desc;���Ͽ�Ǫ�������� ���踦 ���� ���� �Խ��ϴ�.;;;;;;;;;;;;x
gtfo_EZO_title;���� ���� �㰡;;;;;;;;;;;;x,,
gtfo_����_desc;���������� ���踦 ���� ���� �Խ��ϴ�.;;;;;;;;;;;;x
gtfo_CHY_title;üþ ���� �㰡;;;;;;;;;;;;x,,
gtfo_CHY_desc;üþ������ ���踦 ���� ���� �Խ��ϴ�.;;;;;;;;;;;;x
gtfo_CHK_title;���Ļ� ���� �㰡;;;;;;;;;;;;x,,
gtfo_CHK_desc;���Ļ迡���� ���踦 ���� ���� �Խ��ϴ�.;;;;;;;;;;;;x
gtfo_QNG_title;û ���� �㰡;;;;;;;;;;;;x,,
gtfo_QNG_desc;û������ ���踦 ���� ���� �Խ��ϴ�.;;;;;;;;;;;;x
gtfo_MGH_title;���׷��� ���� �㰡;;;;;;;;;;;;x,,
gtfo_MGH_desc;���׷��꿡���� ���踦 ���� ���� �Խ��ϴ�.;;;;;;;;;;;;x
gtfo_BAH_title;���̾� ���� �㰡;;;;;;;;;;;;x,,
gtfo_BAH_desc;���̾ƿ����� ���踦 ���� ���� �Խ��ϴ�.;;;;;;;;;;;;x
gtfo_CHP_title;ġ���Ľ� ���� �㰡;;;;;;;;;;;;x,,
gtfo_CHP_desc;ġ���Ľ������� ���踦 ���� ���� �Խ��ϴ�.;;;;;;;;;;;;x
gtfo_CEQ_title;���⵵�� ���� �㰡;;;;;;;;;;;;x,,
gtfo_CEQ_desc;���⵵�������� ���踦 ���� ���� �Խ��ϴ�.;;;;;;;;;;;;x
gtfo_ENT_title;��Ʈ�������� ���� �㰡;;;;;;;;;;;;x,,
gtfo_ENT_desc;��Ʈ�������������� ���踦 ���� ���� �Խ��ϴ�.;;;;;;;;;;;;x
gtfo_GCO_title;�׶��ݷҺ�� ���� �㰡;;;;;;;;;;;;x,,
gtfo_GCO_desc;�׶��ݷҺ�ƿ����� ���踦 ���� ���� �Խ��ϴ�.;;;;;;;;;;;;x
gtfo_GUY_title;���̾Ƴ� ���� �㰡;;;;;;;;;;;;x,,
gtfo_GUY_desc;���̾Ƴ������� ���踦 ���� ���� �Խ��ϴ�.;;;;;;;;;;;;x
gtfo_LOS_title;�ν����佺 ���� �㰡;;;;;;;;;;;;x,,
gtfo_LOS_desc;�ν����佺������ ���踦 ���� ���� �Խ��ϴ�.;;;;;;;;;;;;x
gtfo_LPL_title;���ö�Ÿ ���� �㰡;;;;;;;;;;;;x,,
gtfo_LPL_desc;���ö�Ÿ������ ���踦 ���� ���� �Խ��ϴ�.;;;;;;;;;;;;x
gtfo_OAX_title;���ǻ�ī ���� �㰡;;;;;;;;;;;;x,,
gtfo_OAX_desc;���ǻ�ī������ ���踦 ���� ���� �Խ��ϴ�.;;;;;;;;;;;;x
gtfo_PBC_title;���-������� ���� �㰡;;;;;;;;;;;;x,,
gtfo_PBC_desc;���-������ƿ����� ���踦 ���� ���� �Խ��ϴ�.;;;;;;;;;;;;x
gtfo_PTG_title;��Ÿ���Ͼ� ���� �㰡;;;;;;;;;;;;x,,
gtfo_PTG_desc;��Ÿ���Ͼƿ����� ���踦 ���� ���� �Խ��ϴ�.;;;;;;;;;;;;x
gtfo_RGR_title;�����׶��� ���� �㰡;;;;;;;;;;;;x,,
gtfo_RGR_desc;�����׶��������� ���踦 ���� ���� �Խ��ϴ�.;;;;;;;;;;;;x
gtfo_RGS_title;����׶��� ���� �㰡;;;;;;;;;;;;x,,
gtfo_RGS_desc;����׶��������� ���踦 ���� ���� �Խ��ϴ�.;;;;;;;;;;;;x
gtfo_SON_title;�ҳ�� ���� �㰡;;;;;;;;;;;;x,,
gtfo_SON_desc;�ҳ�󿡼��� ���踦 ���� ���� �Խ��ϴ�.;;;;;;;;;;;;x
gtfo_SPU_title;����� ���� �㰡;;;;;;;;;;;;x,,
gtfo_SPU_desc;����翡���� ���踦 ���� ���� �Խ��ϴ�.;;;;;;;;;;;;x
gtfo_YUC_title;��īź ���� �㰡;;;;;;;;;;;;x,,
gtfo_YUC_desc;��īź������ ���踦 ���� ���� �Խ��ϴ�.;;;;;;;;;;;;x
gtfo_BLZ_title;������ ���� �㰡;;;;;;;;;;;;x,,
gtfo_BLZ_desc;��������� ���踦 ���� ���� �Խ��ϴ�.;;;;;;;;;;;;x
gtfo_DAK_title;����Ÿ ���� �㰡;;;;;;;;;;;;x,,
gtfo_DAK_desc;����Ÿ������ ���踦 ���� ���� �Խ��ϴ�.;;;;;;;;;;;;x
gtfo_FSA_title;�����̱� ���� �㰡;;;;;;;;;;;;x,,
gtfo_FSA_desc;�����̱������� ���踦 ���� ���� �Խ��ϴ�.;;;;;;;;;;;;x
gtfo_GRN_title;�׸����� ���� �㰡;;;;;;;;;;;;x,,
gtfo_GRN_desc;�׸����忡���� ���踦 ���� ���� �Խ��ϴ�.;;;;;;;;;;;;x
gtfo_JAM_title;�ڸ���ī ���� �㰡;;;;;;;;;;;;x,,
gtfo_JAM_desc;�ڸ���ī������ ���踦 ���� ���� �Խ��ϴ�.;;;;;;;;;;;;x
gtfo_LSK_title;�˷���ī ���� �㰡;;;;;;;;;;;;x,,
gtfo_LSK_desc;�˷���ī������ ���踦 ���� ���� �Խ��ϴ�.;;;;;;;;;;;;x
gtfo_MRU_title;������ ���� �㰡;;;;;;;;;;;;x,,
gtfo_MRU_desc;������������ ���踦 ���� ���� �Խ��ϴ�.;;;;;;;;;;;;x
gtfo_PRI_title;Ǫ��Ʈ�θ��� ���� �㰡;;;;;;;;;;;;x,,
gtfo_PRI_desc;Ǫ��Ʈ�θ��ڿ����� ���踦 ���� ���� �Խ��ϴ�.;;;;;;;;;;;;x
gtfo_RPL_title;����Ʈ���� ���� �㰡;;;;;;;;;;;;x,,
gtfo_RPL_desc;����Ʈ���忡���� ���踦 ���� ���� �Խ��ϴ�.;;;;;;;;;;;;x
gtfo_TRS_title;Ÿ���� ���� �㰡;;;;;;;;;;;;x,,
gtfo_TRS_desc;Ÿ���ڿ����� ���踦 ���� ���� �Խ��ϴ�.;;;;;;;;;;;;x
gtfo_TTB_title;Ʈ���ϴٵ� ���� �㰡;;;;;;;;;;;;x,,
gtfo_TTB_desc;Ʈ���ϴٵ忡���� ���踦 ���� ���� �Խ��ϴ�.;;;;;;;;;;;;x
gtfo_UIL_title;�ϸ����� ���� �㰡;;;;;;;;;;;;x,,
gtfo_UIL_desc;�ϸ����̿����� ���踦 ���� ���� �Խ��ϴ�.;;;;;;;;;;;;x
gtfo_UNB_title;�׺��ī ���� �㰡;;;;;;;;;;;;x,,
gtfo_UNB_desc;�׺��ī������ ���踦 ���� ���� �Խ��ϴ�.;;;;;;;;;;;;x
gtfo_UNM_title;���߽��� ���� �㰡;;;;;;;;;;;;x,,
gtfo_UNM_desc;���߽��ڿ����� ���踦 ���� ���� �Խ��ϴ�.;;;;;;;;;;;;x
gtfo_UOR_title;������ ���� �㰡;;;;;;;;;;;;x,,
gtfo_UOR_desc;�����ǿ����� ���踦 ���� ���� �Խ��ϴ�.;;;;;;;;;;;;x
gtfo_ALS_title;���ڽ� ���� �㰡;;;;;;;;;;;;x,,
gtfo_ALS_desc;���ڽ������� ���踦 ���� ���� �Խ��ϴ�.;;;;;;;;;;;;x
gtfo_ATR_title;�ƽ������ƽ� ���� �㰡;;;;;;;;;;;;x,,
gtfo_ATR_desc;�ƽ������ƽ������� ���踦 ���� ���� �Խ��ϴ�.;;;;;;;;;;;;x
gtfo_BAN_title;�ٳ�Ʈ ���� �㰡;;;;;;;;;;;;x,,
gtfo_BAN_desc;�ٳ�Ʈ������ ���踦 ���� ���� �Խ��ϴ�.;;;;;;;;;;;;x
gtfo_BKV_title;���ں� ���� �㰡;;;;;;;;;;;;x,,
gtfo_BKV_desc;���ں񳪿����� ���踦 ���� ���� �Խ��ϴ�.;;;;;;;;;;;;x
gtfo_BRT_title;�긣Ÿ�� ���� �㰡;;;;;;;;;;;;x,,
gtfo_BRT_desc;�긣Ÿ�������� ���踦 ���� ���� �Խ��ϴ�.;;;;;;;;;;;;x
gtfo_BSQ_title;�ٽ�ũ ���� �㰡;;;;;;;;;;;;x,,
gtfo_BSQ_desc;�ٽ�ũ������ ���踦 ���� ���� �Խ��ϴ�.;;;;;;;;;;;;x
gtfo_CRS_title;�ڸ���ī ���� �㰡;;;;;;;;;;;;x,,
gtfo_CRS_desc;�ڸ���ī������ ���踦 ���� ���� �Խ��ϴ�.;;;;;;;;;;;;x
gtfo_DLM_title;�޸�Ƽ�� ���� �㰡;;;;;;;;;;;;x,,
gtfo_DLM_desc;�޸�Ƽ�ƿ����� ���踦 ���� ���� �Խ��ϴ�.;;;;;;;;;;;;x
gtfo_ENL_title;�ױ۷��� ���� �㰡;;;;;;;;;;;;x,,
gtfo_ENL_desc;�ױ۷��忡���� ���踦 ���� ���� �Խ��ϴ�.;;;;;;;;;;;;x
gtfo_GLC_title;�����þ� ���� �㰡;;;;;;;;;;;;x,,
gtfo_GLC_desc;�����þƿ����� ���踦 ���� ���� �Խ��ϴ�.;;;;;;;;;;;;x
gtfo_GLM_title;����ġ��-�ε��޸��� ���� �㰡;;;;;;;;;;;;x,,
gtfo_GLM_desc;����ġ��-�ε��޸��ƿ����� ���踦 ���� ���� �Խ��ϴ�.;;;;;;;;;;;;x
gtfo_LOR_title;�η� ���� �㰡;;;;;;;;;;;;x,,
gtfo_LOR_desc;�η������� ���踦 ���� ���� �Խ��ϴ�.;;;;;;;;;;;;x
gtfo_MCD_title;���ɵ��Ͼ� ���� �㰡;;;;;;;;;;;;x,,
gtfo_MCD_desc;���ɵ��Ͼƿ����� ���踦 ���� ���� �Խ��ϴ�.;;;;;;;;;;;;x
gtfo_MLT_title;��Ÿ ���� �㰡;;;;;;;;;;;;x,,
gtfo_MLT_desc;��Ÿ������ ���踦 ���� ���� �Խ��ϴ�.;;;;;;;;;;;;x
gtfo_OCC_title;����Ÿ�Ͼ� ���� �㰡;;;;;;;;;;;;x,,
gtfo_OCC_desc;����Ÿ�Ͼƿ����� ���踦 ���� ���� �Խ��ϴ�.;;;;;;;;;;;;x
gtfo_RMG_title;�θ��� ���� �㰡;;;;;;;;;;;;x,,
gtfo_RMG_desc;�θ��Ŀ����� ���踦 ���� ���� �Խ��ϴ�.;;;;;;;;;;;;x
gtfo_SPC_title;ī������Ÿ �����ĳ� ���� �㰡;;;;;;;;;;;;x,,
gtfo_SPC_desc;ī������Ÿ �����ĳĿ����� ���踦 ���� ���� �Խ��ϴ�.;;;;;;;;;;;;x
gtfo_SRD_title;�縣���� ���� �㰡;;;;;;;;;;;;x,,
gtfo_SRD_desc;�縣���Ŀ����� ���踦 ���� ���� �Խ��ϴ�.;;;;;;;;;;;;x
gtfo_SVY_title;�纸�� ���� �㰡;;;;;;;;;;;;x,,
gtfo_SVY_desc;�纸�̿����� ���踦 ���� ���� �Խ��ϴ�.;;;;;;;;;;;;x
gtfo_SWH_title;����������-Ȧ��Ÿ�� ���� �㰡;;;;;;;;;;;;x,,
gtfo_SWH_desc;����������-Ȧ��Ÿ�ο����� ���踦 ���� ���� �Խ��ϴ�.;;;;;;;;;;;;x
gtfo_WHA_title;������ ���� �㰡;;;;;;;;;;;;x,,
gtfo_WHA_desc;��������� ���踦 ���� ���� �Խ��ϴ�.;;;;;;;;;;;;x
gtfo_DNB_title;������ Federation ���� �㰡;;;;;;;;;;;;x,,
gtfo_DNB_desc;�����쿡���� ���踦 ���� ���� �Խ��ϴ�.;;;;;;;;;;;;x
gtfo_LUZ_title;���Ƽ�� ���� �㰡;;;;;;;;;;;;x,,
gtfo_LUZ_desc;���Ƽ�ƿ����� ���踦 ���� ���� �Խ��ϴ�.;;;;;;;;;;;;x
gtfo_RHI_title;���ζ�Ʈ ���� �㰡;;;;;;;;;;;;x,,
gtfo_RHI_desc;���ζ�Ʈ������ ���踦 ���� ���� �Խ��ϴ�.;;;;;;;;;;;;x
gtfo_PML_title;������ ���� �㰡;;;;;;;;;;;;x,,
gtfo_PML_desc;������������ ���踦 ���� ���� �Խ��ϴ�.;;;;;;;;;;;;x
gtfo_PZN_title;��� ���� �㰡;;;;;;;;;;;;x,,
gtfo_PZN_desc;��������� ���踦 ���� ���� �Խ��ϴ�.;;;;;;;;;;;;x
gtfo_SLS_title;�Ƿս�ũ ���� �㰡;;;;;;;;;;;;x,,
gtfo_SLS_desc;�Ƿս�ũ������ ���踦 ���� ���� �Խ��ϴ�.;;;;;;;;;;;;x
gtfo_WES_title;����Ʈ�ȷ� ���� �㰡;;;;;;;;;;;;x,,
gtfo_WES_desc;����Ʈ�ȷ������� ���踦 ���� ���� �Խ��ϴ�.;;;;;;;;;;;;x
gtfo_AKH_title;�ƽ�Ʈ���� ���� �㰡;;;;;;;;;;;;x,,
gtfo_AKH_desc;�ƽ�Ʈ���ѿ����� ���踦 ���� ���� �Խ��ϴ�.;;;;;;;;;;;;x
gtfo_ALT_title;��Ÿ�� ���� �㰡;;;;;;;;;;;;x,,
gtfo_ALT_desc;��Ÿ�̿����� ���踦 ���� ���� �Խ��ϴ�.;;;;;;;;;;;;x
gtfo_CPL_title;������ ����ձ� ���� �㰡;;;;;;;;;;;;x,,
gtfo_CPL_desc;������ ����ձ������� ���踦 ���� ���� �Խ��ϴ�.;;;;;;;;;;;;x
gtfo_DON_title;ī��ũ ���� �㰡;;;;;;;;;;;;x,,
gtfo_DON_desc;ī��ũ������ ���踦 ���� ���� �Խ��ϴ�.;;;;;;;;;;;;x
gtfo_IZH_title;�ױ׸��� ���� �㰡;;;;;;;;;;;;x,,
gtfo_IZH_desc;�ױ׸��߿����� ���踦 ���� ���� �Խ��ϴ�.;;;;;;;;;;;;x
gtfo_KAZ_title;ī���彺ź ���� �㰡;;;;;;;;;;;;x,,
gtfo_KAZ_desc;ī���彺ź������ ���踦 ���� ���� �Խ��ϴ�.;;;;;;;;;;;;x
gtfo_KAM_title;Ʈ�����ƹ��� ���� �㰡;;;;;;;;;;;;x,,
gtfo_KAM_desc;Ʈ�����ƹ��������� ���踦 ���� ���� �Խ��ϴ�.;;;;;;;;;;;;x
gtfo_KMK_title;Į��Ű�� ���� �㰡;;;;;;;;;;;;x,,
gtfo_KMK_desc;Į��Ű�߿����� ���踦 ���� ���� �Խ��ϴ�.;;;;;;;;;;;;x
gtfo_KRL_title;ī������ ���� �㰡;;;;;;;;;;;;x,,
gtfo_KRL_desc;ī�����߿����� ���踦 ���� ���� �Խ��ϴ�.;;;;;;;;;;;;x
gtfo_SIB_title;�ú����� ���� �㰡;;;;;;;;;;;;x,,
gtfo_SIB_desc;�ú����ƿ����� ���踦 ���� ���� �Խ��ϴ�.;;;;;;;;;;;;x
gtfo_TAR_title;ŸŸ����ź ���� �㰡;;;;;;;;;;;;x,,
gtfo_TAR_desc;ŸŸ����ź������ ���踦 ���� ���� �Խ��ϴ�.;;;;;;;;;;;;x
gtfo_TNT_title;���� ���� �㰡;;;;;;;;;;;;x,,
gtfo_TNT_desc;���ٿ����� ���踦 ���� ���� �Խ��ϴ�.;;;;;;;;;;;;x
gtfo_URA_title;��� ���� �㰡;;;;;;;;;;;;x,,
gtfo_URA_desc;��������� ���踦 ���� ���� �Խ��ϴ�.;;;;;;;;;;;;x
gtfo_YAK_title;����Ʈ ���� �㰡;;;;;;;;;;;;x,,
gtfo_YAK_desc;����Ʈ������ ���踦 ���� ���� �Խ��ϴ�.;;;;;;;;;;;;x
gtfo_ARU_title;�ƶ��� ���� �㰡;;;;;;;;;;;;x,,
gtfo_ARU_desc;�ƶ��ƿ����� ���踦 ���� ���� �Խ��ϴ�.;;;;;;;;;;;;x
gtfo_ASY_title;�ƽø��� ���� �㰡;;;;;;;;;;;;x,,
gtfo_ASY_desc;�ƽø��ƿ����� ���踦 ���� ���� �Խ��ϴ�.;;;;;;;;;;;;x
gtfo_BHR_title;�ٷ��� ���� �㰡;;;;;;;;;;;;x,,
gtfo_BHR_desc;�ٷ��ο����� ���踦 ���� ���� �Խ��ϴ�.;;;;;;;;;;;;x
gtfo_CIR_title;ü���ɽþ� ���� �㰡;;;;;;;;;;;;x,,
gtfo_CIR_desc;ü���ɽþ߿����� ���踦 ���� ���� �Խ��ϴ�.;;;;;;;;;;;;x
gtfo_CLC_title;ų��Ű�� ���� �㰡;;;;;;;;;;;;x,,
gtfo_CLC_desc;ų��Ű�ƿ����� ���踦 ���� ���� �Խ��ϴ�.;;;;;;;;;;;;x
gtfo_DAG_title;�ٰԽ�ź ���� �㰡;;;;;;;;;;;;x,,
gtfo_DAG_desc;�ٰԽ�ź������ ���踦 ���� ���� �Խ��ϴ�.;;;;;;;;;;;;x
gtfo_DUR_title;�ζ� ���� �㰡;;;;;;;;;;;;x,,
gtfo_DUR_desc;�ζ������� ���踦 ���� ���� �Խ��ϴ�.;;;;;;;;;;;;x
gtfo_HAL_title;���� ���� �㰡;;;;;;;;;;;;x,,
gtfo_HAL_desc;���Ͽ����� ���踦 ���� ���� �Խ��ϴ�.;;;;;;;;;;;;x
gtfo_JOR_title;�丣�� ���� �㰡;;;;;;;;;;;;x,,
gtfo_JOR_desc;�丣�ܿ����� ���踦 ���� ���� �Խ��ϴ�.;;;;;;;;;;;;x
gtfo_KDS_title;������ź ���� �㰡;;;;;;;;;;;;x,,
gtfo_KDS_desc;������ź������ ���踦 ���� ���� �Խ��ϴ�.;;;;;;;;;;;;x
gtfo_KWT_title;������Ʈ ���� �㰡;;;;;;;;;;;;x,,
gtfo_KWT_desc;������Ʈ������ ���踦 ���� ���� �Խ��ϴ�.;;;;;;;;;;;;x
gtfo_KYR_title;Ű���⽺��ź ���� �㰡;;;;;;;;;;;;x,,
gtfo_KYR_desc;Ű���⽺��ź������ ���踦 ���� ���� �Խ��ϴ�.;;;;;;;;;;;;x
gtfo_LBN_title;���ٳ� ���� �㰡;;;;;;;;;;;;x,,
gtfo_LBN_desc;���ٳ������� ���踦 ���� ���� �Խ��ϴ�.;;;;;;;;;;;;x
gtfo_NYE_title;�Ͽ��� ���� �㰡;;;;;;;;;;;;x,,
gtfo_NYE_desc;�Ͽ��࿡���� ���踦 ���� ���� �Խ��ϴ�.;;;;;;;;;;;;x
gtfo_PLS_title;�ȷ���Ÿ�� ���� �㰡;;;;;;;;;;;;x,,
gtfo_PLS_desc;�ȷ���Ÿ�ο����� ���踦 ���� ���� �Խ��ϴ�.;;;;;;;;;;;;x
gtfo_PNT_title;������ ���� �㰡;;;;;;;;;;;;x,,
gtfo_PNT_desc;������������ ���踦 ���� ���� �Խ��ϴ�.;;;;;;;;;;;;x
gtfo_SYR_title;�ø��� ���� �㰡;;;;;;;;;;;;x,,
gtfo_SYR_desc;�ø��ƿ����� ���踦 ���� ���� �Խ��ϴ�.;;;;;;;;;;;;x
gtfo_TAJ_title;Ÿ��Ű��ź ���� �㰡;;;;;;;;;;;;x,,
gtfo_TAJ_desc;Ÿ��Ű��ź������ ���踦 ���� ���� �Խ��ϴ�.;;;;;;;;;;;;x
gtfo_TCA_title;Ʈ����ī��ī�� ���� �㰡;;;;;;;;;;;;x,,
gtfo_TCA_desc;Ʈ����ī��ī�������� ���踦 ���� ���� �Խ��ϴ�.;;;;;;;;;;;;x
gtfo_TKM_title;Ƣ��ũ�޴Ͻ�ź ���� �㰡;;;;;;;;;;;;x,,
gtfo_TKM_desc;Ƣ��ũ�޴Ͻ�ź������ ���踦 ���� ���� �Խ��ϴ�.;;;;;;;;;;;;x
gtfo_TKS_title;Ƣ���ɽ�ź ���� �㰡;;;;;;;;;;;;x,,
gtfo_TKS_desc;Ƣ���ɽ�ź������ ���踦 ���� ���� �Խ��ϴ�.;;;;;;;;;;;;x
gtfo_UYG_title;��������ź ���� �㰡;;;;;;;;;;;;x,,
gtfo_UYG_desc;��������ź������ ���踦 ���� ���� �Խ��ϴ�.;;;;;;;;;;;;x
gtfo_UZB_title;���Ű��ź ���� �㰡;;;;;;;;;;;;x,,
gtfo_UZB_desc;���Ű��ź������ ���踦 ���� ���� �Խ��ϴ�.;;;;;;;;;;;;x
gtfo_ASM_title;�ƻ� ���� �㰡;;;;;;;;;;;;x,,
gtfo_ASM_desc;�ƻ￡���� ���踦 ���� ���� �Խ��ϴ�.;;;;;;;;;;;;x
gtfo_BIH_title;���ϸ� ���� �㰡;;;;;;;;;;;;x,,
gtfo_BIH_desc;���ϸ������� ���踦 ���� ���� �Խ��ϴ�.;;;;;;;;;;;;x
gtfo_BLC_title;�߷�ġ��ź ���� �㰡;;;;;;;;;;;;x,,
gtfo_BLC_desc;�߷�ġ��ź������ ���踦 ���� ���� �Խ��ϴ�.;;;;;;;;;;;;x
gtfo_BNG_title;���� ���� �㰡;;;;;;;;;;;;x,,
gtfo_BNG_desc;���񿡼��� ���踦 ���� ���� �Խ��ϴ�.;;;;;;;;;;;;x
gtfo_DRA_title;�����ź ���� �㰡;;;;;;;;;;;;x,,
gtfo_DRA_desc;�����ź������ ���踦 ���� ���� �Խ��ϴ�.;;;;;;;;;;;;x
gtfo_KRN_title;ī����Ÿī ���� �㰡;;;;;;;;;;;;x,,
gtfo_KRN_desc;ī����Ÿī������ ���踦 ���� ���� �Խ��ϴ�.;;;;;;;;;;;;x
gtfo_MAH_title;���϶�Ʈ�� ���� �㰡;;;;;;;;;;;;x,,
gtfo_MAH_desc;���϶�Ʈ�󿡼��� ���踦 ���� ���� �Խ��ϴ�.;;;;;;;;;;;;x
gtfo_#MR_title;����Ÿ ���� �㰡;;;;;;;;;;;;x,,
gtfo_#MR_desc;����Ÿ������ ���踦 ���� ���� �Խ��ϴ�.;;;;;;;;;;;;x
gtfo_RAJ_title;����ǪŸ�� ���� �㰡;;;;;;;;;;;;x,,
gtfo_RAJ_desc;����ǪŸ�������� ���踦 ���� ���� �Խ��ϴ�.;;;;;;;;;;;;x
gtfo_SRI_title;������ī ���� �㰡;;;;;;;;;;;;x,,
gtfo_SRI_desc;������ī������ ���踦 ���� ���� �Խ��ϴ�.;;;;;;;;;;;;x
gtfo_AGC_title;�Ӱ��� ���� �㰡;;;;;;;;;;;;x,,
gtfo_AGC_desc;�Ӱ��ÿ����� ���踦 ���� ���� �Խ��ϴ�.;;;;;;;;;;;;x
gtfo_ANG_title;�Ӱ�� ���� �㰡;;;;;;;;;;;;x,,
gtfo_ANG_desc;�Ӱ�󿡼��� ���踦 ���� ���� �Խ��ϴ�.;;;;;;;;;;;;x
gtfo_ARO_title;�Ʒ� ���� �㰡;;;;;;;;;;;;x,,
gtfo_ARO_desc;�Ʒο����� ���踦 ���� ���� �Խ��ϴ�.;;;;;;;;;;;;x
gtfo_ASH_title;�Ƽ�Ƽ ���� �㰡;;;;;;;;;;;;x,,
gtfo_ASH_desc;�Ƽ�Ƽ������ ���踦 ���� ���� �Խ��ϴ�.;;;;;;;;;;;;x
gtfo_AWS_title;�ƿͻ� ���� �㰡;;;;;;;;;;;;x,,
gtfo_AWS_desc;�ƿͻ翡���� ���踦 ���� ���� �Խ��ϴ�.;;;;;;;;;;;;x
gtfo_AZA_title;���ܵ� ���� �㰡;;;;;;;;;;;;x,,
gtfo_AZA_desc;���ܵ������� ���踦 ���� ���� �Խ��ϴ�.;;;;;;;;;;;;x
gtfo_BEN_title;���� ���� �㰡;;;;;;;;;;;;x,,
gtfo_BEN_desc;���ÿ����� ���踦 ���� ���� �Խ��ϴ�.;;;;;;;;;;;;x
gtfo_BMK_title;�ٸ��� ���� �㰡;;;;;;;;;;;;x,,
gtfo_BMK_desc;�ٸ��ڿ����� ���踦 ���� ���� �Խ��ϴ�.;;;;;;;;;;;;x
gtfo_BRD_title;���� ���� �㰡;;;;;;;;;;;;x,,
gtfo_BRD_desc;���𿡼��� ���踦 ���� ���� �Խ��ϴ�.;;;;;;;;;;;;x
gtfo_BSH_title;�ټ��� ���� �㰡;;;;;;;;;;;;x,,
gtfo_BSH_desc;�ټ��信���� ���踦 ���� ���� �Խ��ϴ�.;;;;;;;;;;;;x
gtfo_BUG_title;�ΰ��� ���� �㰡;;;;;;;;;;;;x,,
gtfo_BUG_desc;�ΰ��ٿ����� ���踦 ���� ���� �Խ��ϴ�.;;;;;;;;;;;;x
gtfo_CAR_title;�߾Ӿ�����ī ���� �㰡;;;;;;;;;;;;x,,
gtfo_CAR_desc;�߾Ӿ�����ī������ ���踦 ���� ���� �Խ��ϴ�.;;;;;;;;;;;;x
gtfo_CGO_title;���-����ں� ���� �㰡;;;;;;;;;;;;x,,
gtfo_CGO_desc;���-����ں������� ���踦 ���� ���� �Խ��ϴ�.;;;;;;;;;;;;x
gtfo_CHD_title;���� ���� �㰡;;;;;;;;;;;;x,,
gtfo_CHD_desc;���忡���� ���踦 ���� ���� �Խ��ϴ�.;;;;;;;;;;;;x
gtfo_CLA_title;Į��ٸ� ���� �㰡;;;;;;;;;;;;x,,
gtfo_CLA_desc;Į��ٸ������� ���踦 ���� ���� �Խ��ϴ�.;;;;;;;;;;;;x
gtfo_CMR_title;ī�޷� ���� �㰡;;;;;;;;;;;;x,,
gtfo_CMR_desc;ī�޷鿡���� ���踦 ���� ���� �Խ��ϴ�.;;;;;;;;;;;;x
gtfo_CYR_title;Ű������ī ���� �㰡;;;;;;;;;;;;x,,
gtfo_CYR_desc;Ű������ī������ ���踦 ���� ���� �Խ��ϴ�.;;;;;;;;;;;;x
gtfo_DAH_title;��ȣ���� ���� �㰡;;;;;;;;;;;;x,,
gtfo_DAH_desc;��ȣ���̿����� ���踦 ���� ���� �Խ��ϴ�.;;;;;;;;;;;;x
gtfo_DAM_title;�ٸ����� ���� �㰡;;;;;;;;;;;;x,,
gtfo_DAM_desc;�ٸ����������� ���踦 ���� ���� �Խ��ϴ�.;;;;;;;;;;;;x
gtfo_DAR_title;�ٸ�Ǫ�� ���� �㰡;;;;;;;;;;;;x,,
gtfo_DAR_desc;�ٸ�Ǫ�������� ���踦 ���� ���� �Խ��ϴ�.;;;;;;;;;;;;x
gtfo_DND_title;���� ���� �㰡;;;;;;;;;;;;x,,
gtfo_DND_desc;���𿡼��� ���踦 ���� ���� �Խ��ϴ�.;;;;;;;;;;;;x
gtfo_GAB_title;���� ���� �㰡;;;;;;;;;;;;x,,
gtfo_GAB_desc;���������� ���踦 ���� ���� �Խ��ϴ�.;;;;;;;;;;;;x
gtfo_GAZ_title;���� ���� �㰡;;;;;;;;;;;;x,,
gtfo_GAZ_desc;���������� ���踦 ���� ���� �Խ��ϴ�.;;;;;;;;;;;;x
gtfo_GBU_title;���� ���� �㰡;;;;;;;;;;;;x,,
gtfo_GBU_desc;���ο����� ���踦 ���� ���� �Խ��ϴ�.;;;;;;;;;;;;x
gtfo_GEL_title;�ַ��� ���� �㰡;;;;;;;;;;;;x,,
gtfo_GEL_desc;�ַ��𿡼��� ���踦 ���� ���� �Խ��ϴ�.;;;;;;;;;;;;x
gtfo_GMB_title;����� ���� �㰡;;;;;;;;;;;;x,,
gtfo_GMB_desc;����ƿ����� ���踦 ���� ���� �Խ��ϴ�.;;;;;;;;;;;;x
gtfo_GNE_title;��� ���� �㰡;;;;;;;;;;;;x,,
gtfo_GNE_desc;��Ͽ����� ���踦 ���� ���� �Խ��ϴ�.;;;;;;;;;;;;x
gtfo_GON_title;��ٸ� ���� �㰡;;;;;;;;;;;;x,,
gtfo_GON_desc;��ٸ������� ���踦 ���� ���� �Խ��ϴ�.;;;;;;;;;;;;x
gtfo_HAR_title;�϶� ���� �㰡;;;;;;;;;;;;x,,
gtfo_HAR_desc;�϶󸣿����� ���踦 ���� ���� �Խ��ϴ�.;;;;;;;;;;;;x
gtfo_IVC_title;��Ʈ��ξƸ� ���� �㰡;;;;;;;;;;;;x,,
gtfo_IVC_desc;��Ʈ��ξƸ������� ���踦 ���� ���� �Խ��ϴ�.;;;;;;;;;;;;x
gtfo_JAL_title;�߷� ���� �㰡;;;;;;;;;;;;x,,
gtfo_JAL_desc;�߷п����� ���踦 ���� ���� �Խ��ϴ�.;;;;;;;;;;;;x
gtfo_KAF_title;ī�� ���� �㰡;;;;;;;;;;;;x,,
gtfo_KAF_desc;ī�Ŀ����� ���踦 ���� ���� �Խ��ϴ�.;;;;;;;;;;;;x
gtfo_KBO_title;ī��-������ ���� �㰡;;;;;;;;;;;;x,,
gtfo_KBO_desc;ī��-������������ ���踦 ���� ���� �Խ��ϴ�.;;;;;;;;;;;;x
gtfo_KNG_title;�� ���� �㰡;;;;;;;;;;;;x,,
gtfo_KNG_desc;�ῡ���� ���踦 ���� ���� �Խ��ϴ�.;;;;;;;;;;;;x
gtfo_KNY_title;�ɳ� ���� �㰡;;;;;;;;;;;;x,,
gtfo_KNY_desc;�ɳĿ����� ���踦 ���� ���� �Խ��ϴ�.;;;;;;;;;;;;x
gtfo_KON_title;��� ���� �㰡;;;;;;;;;;;;x,,
gtfo_KON_desc;��������� ���踦 ���� ���� �Խ��ϴ�.;;;;;;;;;;;;x
gtfo_KUB_title;���� ���� �㰡;;;;;;;;;;;;x,,
gtfo_KUB_desc;���ٿ����� ���踦 ���� ���� �Խ��ϴ�.;;;;;;;;;;;;x
gtfo_KZB_title;ī�ả ���� �㰡;;;;;;;;;;;;x,,
gtfo_KZB_desc;ī�ả������ ���踦 ���� ���� �Խ��ϴ�.;;;;;;;;;;;;x
gtfo_LBA_title;��� ���� �㰡;;;;;;;;;;;;x,,
gtfo_LBA_desc;��ٿ����� ���踦 ���� ���� �Խ��ϴ�.;;;;;;;;;;;;x
gtfo_LBY_title;����� ���� �㰡;;;;;;;;;;;;x,,
gtfo_LBY_desc;����ƿ����� ���踦 ���� ���� �Խ��ϴ�.;;;;;;;;;;;;x
gtfo_LOA_title;�ξӰ� ���� �㰡;;;;;;;;;;;;x,,
gtfo_LOA_desc;�ξӰ������� ���踦 ���� ���� �Խ��ϴ�.;;;;;;;;;;;;x
gtfo_LUN_title;��� ���� �㰡;;;;;;;;;;;;x,,
gtfo_LUN_desc;��ٿ����� ���踦 ���� ���� �Խ��ϴ�.;;;;;;;;;;;;x
gtfo_MAJ_title;������ƾ ���� �㰡;;;;;;;;;;;;x,,
gtfo_MAJ_desc;������ƾ������ ���踦 ���� ���� �Խ��ϴ�.;;;;;;;;;;;;x
gtfo_MAS_title;���ó� ���� �㰡;;;;;;;;;;;;x,,
gtfo_MAS_desc;���ó������� ���踦 ���� ���� �Խ��ϴ�.;;;;;;;;;;;;x
gtfo_MAT_title;��Ÿ���� ���� �㰡;;;;;;;;;;;;x,,
gtfo_MAT_desc;��Ÿ���������� ���踦 ���� ���� �Խ��ϴ�.;;;;;;;;;;;;x
gtfo_MLI_title;���� ���� �㰡;;;;;;;;;;;;x,,
gtfo_MLI_desc;���������� ���踦 ���� ���� �Խ��ϴ�.;;;;;;;;;;;;x
gtfo_MLW_title;������ ���� �㰡;;;;;;;;;;;;x,,
gtfo_MLW_desc;������������ ���踦 ���� ���� �Խ��ϴ�.;;;;;;;;;;;;x
gtfo_MNG_title;���� ���� �㰡;;;;;;;;;;;;x,,
gtfo_MNG_desc;���������� ���踦 ���� ���� �Խ��ϴ�.;;;;;;;;;;;;x
gtfo_MOS_title;��� ���� �㰡;;;;;;;;;;;;x,,
gtfo_MOS_desc;��ÿ����� ���踦 ���� ���� �Խ��ϴ�.;;;;;;;;;;;;x
gtfo_MOZ_title;�����ũ ���� �㰡;;;;;;;;;;;;x,,
gtfo_MOZ_desc;�����ũ������ ���踦 ���� ���� �Խ��ϴ�.;;;;;;;;;;;;x
gtfo_NGR_title;���������� ���� �㰡;;;;;;;;;;;;x,,
gtfo_NGR_desc;���������ƿ����� ���踦 ���� ���� �Խ��ϴ�.;;;;;;;;;;;;x
gtfo_NIG_title;������ ���� �㰡;;;;;;;;;;;;x,,
gtfo_NIG_desc;������������ ���踦 ���� ���� �Խ��ϴ�.;;;;;;;;;;;;x
gtfo_OYO_title;���� ���� �㰡;;;;;;;;;;;;x,,
gtfo_OYO_desc;���信���� ���踦 ���� ���� �Խ��ϴ�.;;;;;;;;;;;;x
gtfo_RWA_title;���ϴ� ���� �㰡;;;;;;;;;;;;x,,
gtfo_RWA_desc;���ϴٿ����� ���踦 ���� ���� �Խ��ϴ�.;;;;;;;;;;;;x
gtfo_SEG_title;���� ���� �㰡;;;;;;;;;;;;x,,
gtfo_SEG_desc;���������� ���踦 ���� ���� �Խ��ϴ�.;;;;;;;;;;;;x
gtfo_SHO_title;� ���� �㰡;;;;;;;;;;;;x,,
gtfo_SHO_desc;������� ���踦 ���� ���� �Խ��ϴ�.;;;;;;;;;;;;x
gtfo_SHW_title;�ÿ� ���� �㰡;;;;;;;;;;;;x,,
gtfo_SHW_desc;�ÿͿ����� ���踦 ���� ���� �Խ��ϴ�.;;;;;;;;;;;;x
gtfo_SID_title;�ôٸ� ���� �㰡;;;;;;;;;;;;x,,
gtfo_SID_desc;�ôٸ������� ���踦 ���� ���� �Խ��ϴ�.;;;;;;;;;;;;x
gtfo_SLE_title;�ÿ��󸮿� ���� �㰡;;;;;;;;;;;;x,,
gtfo_SLE_desc;�ÿ��󸮿¿����� ���踦 ���� ���� �Խ��ϴ�.;;;;;;;;;;;;x
gtfo_SNG_title;���װ� ���� �㰡;;;;;;;;;;;;x,,
gtfo_SNG_desc;���װ������� ���踦 ���� ���� �Խ��ϴ�.;;;;;;;;;;;;x
gtfo_SOM_title;�Ҹ����� ���� �㰡;;;;;;;;;;;;x,,
gtfo_SOM_desc;�Ҹ����ƿ����� ���踦 ���� ���� �Խ��ϴ�.;;;;;;;;;;;;x
gtfo_SUA_title;������ ���� �㰡;;;;;;;;;;;;x,,
gtfo_SUA_desc;������������ ���踦 ���� ���� �Խ��ϴ�.;;;;;;;;;;;;x
gtfo_SUD_title;���� ���� �㰡;;;;;;;;;;;;x,,
gtfo_SUD_desc;���ܿ����� ���踦 ���� ���� �Խ��ϴ�.;;;;;;;;;;;;x
gtfo_TIG_title;Ƽ�׷��� ���� �㰡;;;;;;;;;;;;x,,
gtfo_TIG_desc;Ƽ�׷��̿����� ���踦 ���� ���� �Խ��ϴ�.;;;;;;;;;;;;x
gtfo_TNZ_title;��ī��ī ���� �㰡;;;;;;;;;;;;x,,
gtfo_TNZ_desc;��ī��ī������ ���踦 ���� ���� �Խ��ϴ�.;;;;;;;;;;;;x
gtfo_TOG_title;��� ���� �㰡;;;;;;;;;;;;x,,
gtfo_TOG_desc;��������� ���踦 ���� ���� �Խ��ϴ�.;;;;;;;;;;;;x
gtfo_TOO_title;��� ���� �㰡;;;;;;;;;;;;x,,
gtfo_TOO_desc;��ο����� ���踦 ���� ���� �Խ��ϴ�.;;;;;;;;;;;;x
gtfo_TOU_title;����θ� ���� �㰡;;;;;;;;;;;;x,,
gtfo_TOU_desc;����θ������� ���踦 ���� ���� �Խ��ϴ�.;;;;;;;;;;;;x
gtfo_TRZ_title;Ʈ���� ���� �㰡;;;;;;;;;;;;x,,
gtfo_TRZ_desc;Ʈ���ڿ����� ���踦 ���� ���� �Խ��ϴ�.;;;;;;;;;;;;x
gtfo_TSW_title;�������� ���� �㰡;;;;;;;;;;;;x,,
gtfo_TSW_desc;�������Ϳ����� ���踦 ���� ���� �Խ��ϴ�.;;;;;;;;;;;;x
gtfo_WAD_title;�ʹ��� ���� �㰡;;;;;;;;;;;;x,,
gtfo_WAD_desc;�ʹ��̿����� ���踦 ���� ���� �Խ��ϴ�.;;;;;;;;;;;;x
gtfo_WRI_title;�͸� ���� �㰡;;;;;;;;;;;;x,,
gtfo_WRI_desc;�͸������� ���踦 ���� ���� �Խ��ϴ�.;;;;;;;;;;;;x
gtfo_WOL_title;������� ���� �㰡;;;;;;;;;;;;x,,
gtfo_WOL_desc;������������� ���踦 ���� ���� �Խ��ϴ�.;;;;;;;;;;;;x
gtfo_XHO_title;ȣ�� ���� �㰡;;;;;;;;;;;;x,,
gtfo_XHO_desc;ȣ�翡���� ���踦 ���� ���� �Խ��ϴ�.;;;;;;;;;;;;x
gtfo_ZAM_title;���� ���� �㰡;;;;;;;;;;;;x,,
gtfo_ZAM_desc;���ƿ����� ���踦 ���� ���� �Խ��ϴ�.;;;;;;;;;;;;x
gtfo_DJA_title;��� ���� �㰡;;;;;;;;;;;;x,,
gtfo_DJA_desc;��񿡼��� ���踦 ���� ���� �Խ��ϴ�.;;;;;;;;;;;;x
gtfo_FJN_title;���� ���� �㰡;;;;;;;;;;;;x,,
gtfo_FJN_desc;���ǿ����� ���踦 ���� ���� �Խ��ϴ�.;;;;;;;;;;;;x
gtfo_GMJ_title;���ϱ� ���� �㰡;;;;;;;;;;;;x,,
gtfo_GMJ_desc;���ϱ������� ���踦 ���� ���� �Խ��ϴ�.;;;;;;;;;;;;x
gtfo_GNG_title;���� ���� �㰡;;;;;;;;;;;;x,,
gtfo_GNG_desc;���������� ���踦 ���� ���� �Խ��ϴ�.;;;;;;;;;;;;x
gtfo_HNN_title;ȣ�� ���� �㰡;;;;;;;;;;;;x,,
gtfo_HNN_desc;ȣ�������� ���踦 ���� ���� �Խ��ϴ�.;;;;;;;;;;;;x
gtfo_HUI_title;���� ���� �㰡;;;;;;;;;;;;x,,
gtfo_HUI_desc;���ֿ����� ���踦 ���� ���� �Խ��ϴ�.;;;;;;;;;;;;x
gtfo_INO_title;�ε��׽þ� ���� �㰡;;;;;;;;;;;;x,,
gtfo_INO_desc;�ε��׽þƿ����� ���踦 ���� ���� �Խ��ϴ�.;;;;;;;;;;;;x
gtfo_KCH_title;īģ ���� �㰡;;;;;;;;;;;;x,,
gtfo_KCH_desc;īģ������ ���踦 ���� ���� �Խ��ϴ�.;;;;;;;;;;;;x
gtfo_KLM_title;Į����ź ���� �㰡;;;;;;;;;;;;x,,
gtfo_KLM_desc;Į����ź������ ���踦 ���� ���� �Խ��ϴ�.;;;;;;;;;;;;x
gtfo_KMT_title;��ȭ�α� �������� ���� �㰡;;;;;;;;;;;;x,,
gtfo_KMT_desc;��ȭ�α� �������ο����� ���踦 ���� ���� �Խ��ϴ�.;;;;;;;;;;;;x
gtfo_KTI_title;��Ÿ�� ���� �㰡;;;;;;;;;;;;x,,
gtfo_KTI_desc;��Ÿ�̿����� ���踦 ���� ���� �Խ��ϴ�.;;;;;;;;;;;;x
gtfo_LAN_title;���� ���� �㰡;;;;;;;;;;;;x,,
gtfo_LAN_desc;���ο����� ���踦 ���� ���� �Խ��ϴ�.;;;;;;;;;;;;x
gtfo_LXA_title;���� ���� �㰡;;;;;;;;;;;;x,,
gtfo_LXA_desc;���ֿ����� ���踦 ���� ���� �Խ��ϴ�.;;;;;;;;;;;;x
gtfo_MAL_title;������ ���� �㰡;;;;;;;;;;;;x,,
gtfo_MAL_desc;������������ ���踦 ���� ���� �Խ��ϴ�.;;;;;;;;;;;;x
gtfo_MLY_title;����� ���� �㰡;;;;;;;;;;;;x,,
gtfo_MLY_desc;����߿����� ���踦 ���� ���� �Խ��ϴ�.;;;;;;;;;;;;x
gtfo_SHA_title;�� ���� �㰡;;;;;;;;;;;;x,,
gtfo_SHA_desc;�������� ���踦 ���� ���� �Խ��ϴ�.;;;;;;;;;;;;x
gtfo_SLW_title;������� ���� �㰡;;;;;;;;;;;;x,,
gtfo_SLW_desc;������ÿ����� ���踦 ���� ���� �Խ��ϴ�.;;;;;;;;;;;;x
gtfo_SAK_title;�þ� ���� �㰡;;;;;;;;;;;;x,,
gtfo_SAK_desc;�þǿ����� ���踦 ���� ���� �Խ��ϴ�.;;;;;;;;;;;;x
gtfo_SUL_title;���� ���� �㰡;;;;;;;;;;;;x,,
gtfo_SUL_desc;���翡���� ���踦 ���� ���� �Խ��ϴ�.;;;;;;;;;;;;x
gtfo_SWK_title;���� ���� �㰡;;;;;;;;;;;;x,,
gtfo_SWK_desc;���ο����� ���踦 ���� ���� �Խ��ϴ�.;;;;;;;;;;;;x
gtfo_SZC_title;��õ ���� �㰡;;;;;;;;;;;;x,,
gtfo_SZC_desc;��õ������ ���踦 ���� ���� �Խ��ϴ�.;;;;;;;;;;;;x
gtfo_TAI_title;�븸 ���� �㰡;;;;;;;;;;;;x,,
gtfo_TAI_desc;�븸������ ���踦 ���� ���� �Խ��ϴ�.;;;;;;;;;;;;x
gtfo_CHO_title;���� ���� �㰡;;;;;;;;;;;;x,,
gtfo_CHO_desc;���������� ���踦 ���� ���� �Խ��ϴ�.;;;;;;;;;;;;x
gtfo_KAG_title;���� ���� �㰡;;;;;;;;;;;;x,,
gtfo_KAG_desc;���������� ���踦 ���� ���� �Խ��ϴ�.;;;;;;;;;;;;x
gtfo_RYU_title;��ť ���� �㰡;;;;;;;;;;;;x,,
gtfo_RYU_desc;��ť������ ���踦 ���� ���� �Խ��ϴ�.;;;;;;;;;;;;x
gtfo_SAT_title;�羲�� ���� �㰡;;;;;;;;;;;;x,,
gtfo_SAT_desc;�羲�������� ���踦 ���� ���� �Խ��ϴ�.;;;;;;;;;;;;x
gtfo_SEN_title;������ ���� �㰡;;;;;;;;;;;;x,,
gtfo_SEN_desc;�����̿����� ���踦 ���� ���� �Խ��ϴ�.;;;;;;;;;;;;x
gtfo_TKG_title;���� ���� ���� �㰡;;;;;;;;;;;;x,,
gtfo_TKG_desc;���� ���ο����� ���踦 ���� ���� �Խ��ϴ�.;;;;;;;;;;;;x
gtfo_TOS_title;���� ���� �㰡;;;;;;;;;;;;x,,
gtfo_TOS_desc;���翡���� ���踦 ���� ���� �Խ��ϴ�.;;;;;;;;;;;;x
gtfo_YZW_title;����ڿ� ���� �㰡;;;;;;;;;;;;x,,
gtfo_YZW_desc;����ڿͿ����� ���踦 ���� ���� �Խ��ϴ�.;;;;;;;;;;;;x
gtfo_FIJ_title;���� ���� �㰡;;;;;;;;;;;;x,,
gtfo_FIJ_desc;���������� ���踦 ���� ���� �Խ��ϴ�.;;;;;;;;;;;;x
gtfo_TGA_title;�밡 ���� �㰡;;;;;;;;;;;;x,,
gtfo_TGA_desc;�밡������ ���踦 ���� ���� �Խ��ϴ�.;;;;;;;;;;;;x
gtfo_ARA_title;�ƶ��� ���� �㰡;;;;;;;;;;;;x,,
gtfo_ARA_desc;�ƶ��ƿ����� ���踦 ���� ���� �Խ��ϴ�.;;;;;;;;;;;;x
gtfo_BYE_title;����罺 ���� �㰡;;;;;;;;;;;;x,,
gtfo_BYE_desc;����罺������ ���踦 ���� ���� �Խ��ϴ�.;;;;;;;;;;;;x
gtfo_PLC_title;������-�����ƴϾ� ���� �㰡;;;;;;;;;;;;x,,
gtfo_PLC_desc;������-�����ƴϾƿ����� ���踦 ���� ���� �Խ��ϴ�.;;;;;;;;;;;;x
gtfo_UBD_title;��Ʈ ���հ��� ���� �㰡;;;;;;;;;;;;x,,
gtfo_UBD_desc;��Ʈ ���հ��������� ���踦 ���� ���� �Խ��ϴ�.;;;;;;;;;;;;x
gtfo_DEN_title;����ũ ���� �㰡;;;;;;;;;;;;x,,
gtfo_DEN_desc;����ũ������ ���踦 ���� ���� �Խ��ϴ�.;;;;;;;;;;;;x
gtfo_FIN_title;�ɶ��� ���� �㰡;;;;;;;;;;;;x,,
gtfo_FIN_desc;�ɶ��忡���� ���踦 ���� ���� �Խ��ϴ�.;;;;;;;;;;;;x
gtfo_NOR_title;�븣���� ���� �㰡;;;;;;;;;;;;x,,
gtfo_NOR_desc;�븣���̿����� ���踦 ���� ���� �Խ��ϴ�.;;;;;;;;;;;;x
gtfo_SCA_title;��ĭ�𳪺�� ���� �㰡;;;;;;;;;;;;x,,
gtfo_SCA_desc;��ĭ�𳪺�ƿ����� ���踦 ���� ���� �Խ��ϴ�.;;;;;;;;;;;;x
gtfo_SWE_title;������ ���� �㰡;;;;;;;;;;;;x,,
gtfo_SWE_desc;������������ ���踦 ���� ���� �Խ��ϴ�.;;;;;;;;;;;;x
gtfo_BEL_title;���⿡ ���� �㰡;;;;;;;;;;;;x,,
gtfo_BEL_desc;���⿡������ ���踦 ���� ���� �Խ��ϴ�.;;;;;;;;;;;;x
gtfo_CAT_title;īŻ��� ���� �㰡;;;;;;;;;;;;x,,
gtfo_CAT_desc;īŻ��Ŀ����� ���踦 ���� ���� �Խ��ϴ�.;;;;;;;;;;;;x
gtfo_FLA_title;�ö����� ���� �㰡;;;;;;;;;;;;x,,
gtfo_FLA_desc;�ö����������� ���踦 ���� ���� �Խ��ϴ�.;;;;;;;;;;;;x
gtfo_IRE_title;���Ϸ��� ���� �㰡;;;;;;;;;;;;x,,
gtfo_IRE_desc;���Ϸ��忡���� ���踦 ���� ���� �Խ��ϴ�.;;;;;;;;;;;;x
gtfo_NET_title;�״����� ���� �㰡;;;;;;;;;;;;x,,
gtfo_NET_desc;�״����忡���� ���踦 ���� ���� �Խ��ϴ�.;;;;;;;;;;;;x
gtfo_POR_title;�������� ���� �㰡;;;;;;;;;;;;x,,
gtfo_POR_desc;�������������� ���踦 ���� ���� �Խ��ϴ�.;;;;;;;;;;;;x
gtfo_SCO_title;����Ʋ���� ���� �㰡;;;;;;;;;;;;x,,
gtfo_SCO_desc;����Ʋ���忡���� ���踦 ���� ���� �Խ��ϴ�.;;;;;;;;;;;;x
gtfo_SPA_title;�����ĳ� ���� �㰡;;;;;;;;;;;;x,,
gtfo_SPA_desc;�����ĳĿ����� ���踦 ���� ���� �Խ��ϴ�.;;;;;;;;;;;;x
gtfo_WLL_title;�з� ���� �㰡;;;;;;;;;;;;x,,
gtfo_WLL_desc;�зտ����� ���踦 ���� ���� �Խ��ϴ�.;;;;;;;;;;;;x
gtfo_ANH_title;����Ʈ ���� �㰡;;;;;;;;;;;;x,,
gtfo_ANH_desc;����Ʈ������ ���踦 ���� ���� �Խ��ϴ�.;;;;;;;;;;;;x
gtfo_BAD_title;�ٵ� ���� �㰡;;;;;;;;;;;;x,,
gtfo_BAD_desc;�ٵ������� ���踦 ���� ���� �Խ��ϴ�.;;;;;;;;;;;;x
gtfo_BAV_title;���̿��� ���� �㰡;;;;;;;;;;;;x,,
gtfo_BAV_desc;���̿��������� ���踦 ���� ���� �Խ��ϴ�.;;;;;;;;;;;;x
gtfo_BRA_title;�������ũ ���� �㰡;;;;;;;;;;;;x,,
gtfo_BRA_desc;�������ũ������ ���踦 ���� ���� �Խ��ϴ�.;;;;;;;;;;;;x
gtfo_BRE_title;�극�� ���� �㰡;;;;;;;;;;;;x,,
gtfo_BRE_desc;�극�࿡���� ���踦 ���� ���� �Խ��ϴ�.;;;;;;;;;;;;x
gtfo_COB_title;�ۼ�-�ںθ�ũ-��Ÿ ���� �㰡;;;;;;;;;;;;x,,
gtfo_COB_desc;�ۼ�-�ںθ�ũ-��Ÿ������ ���踦 ���� ���� �Խ��ϴ�.;;;;;;;;;;;;x
gtfo_DZG_title;��ġ�� ���� �㰡;;;;;;;;;;;;x,,
gtfo_DZG_desc;��ġ�������� ���踦 ���� ���� �Խ��ϴ�.;;;;;;;;;;;;x
gtfo_FRM_title;����ũǪ��Ʈ�ϸ��� ���� �㰡;;;;;;;;;;;;x,,
gtfo_FRM_desc;����ũǪ��Ʈ�ϸ��ο����� ���踦 ���� ���� �Խ��ϴ�.;;;;;;;;;;;;x
gtfo_HAM_title;�Ժθ�ũ ���� �㰡;;;;;;;;;;;;x,,
gtfo_HAM_desc;�Ժθ�ũ������ ���踦 ���� ���� �Խ��ϴ�.;;;;;;;;;;;;x
gtfo_HAN_title;�ϳ�� ���� �㰡;;;;;;;;;;;;x,,
gtfo_HAN_desc;�ϳ�������� ���踦 ���� ���� �Խ��ϴ�.;;;;;;;;;;;;x
gtfo_HES_title;�켾-�ٸ���ŸƮ ���� �㰡;;;;;;;;;;;;x,,
gtfo_HES_desc;�켾-�ٸ���ŸƮ������ ���踦 ���� ���� �Խ��ϴ�.;;;;;;;;;;;;x
gtfo_HEK_title;�켾-�ɼ� ���� �㰡;;;;;;;;;;;;x,,
gtfo_HEK_desc;�켾-�ɼ������� ���踦 ���� ���� �Խ��ϴ�.;;;;;;;;;;;;x
gtfo_HOL_title;Ȧ��Ÿ�� ���� �㰡;;;;;;;;;;;;x,,
gtfo_HOL_desc;Ȧ��Ÿ�ο����� ���踦 ���� ���� �Խ��ϴ�.;;;;;;;;;;;;x
gtfo_LIP_title;����-��Ʈ��Ʈ ���� �㰡;;;;;;;;;;;;x,,
gtfo_LIP_desc;����-��Ʈ��Ʈ������ ���踦 ���� ���� �Խ��ϴ�.;;;;;;;;;;;;x
gtfo_LUB_title;��ũ ���� �㰡;;;;;;;;;;;;x,,
gtfo_LUB_desc;��ũ������ ���踦 ���� ���� �Խ��ϴ�.;;;;;;;;;;;;x
gtfo_LUX_title;����θ�ũ ���� �㰡;;;;;;;;;;;;x,,
gtfo_LUX_desc;����θ�ũ������ ���踦 ���� ���� �Խ��ϴ�.;;;;;;;;;;;;x
gtfo_MEC_title;��Ŭ���θ�ũ ���� �㰡;;;;;;;;;;;;x,,
gtfo_MEC_desc;��Ŭ���θ�ũ������ ���踦 ���� ���� �Խ��ϴ�.;;;;;;;;;;;;x
gtfo_MEI_title;�ۼ�-���̴װ� ���� �㰡;;;;;;;;;;;;x,,
gtfo_MEI_desc;�ۼ�-���̴װտ����� ���踦 ���� ���� �Խ��ϴ�.;;;;;;;;;;;;x
gtfo_NAS_title;����� ���� �㰡;;;;;;;;;;;;x,,
gtfo_NAS_desc;����쿡���� ���踦 ���� ���� �Խ��ϴ�.;;;;;;;;;;;;x
gtfo_NGF_title;�ϵ��� ���� �㰡;;;;;;;;;;;;x,,
gtfo_NGF_desc;�ϵ��Ͽ����� ���踦 ���� ���� �Խ��ϴ�.;;;;;;;;;;;;x
gtfo_OLD_title;�õ��θ�ũ ���� �㰡;;;;;;;;;;;;x,,
gtfo_OLD_desc;�õ��θ�ũ������ ���踦 ���� ���� �Խ��ϴ�.;;;;;;;;;;;;x
gtfo_SAX_title;�ۼ� ���� �㰡;;;;;;;;;;;;x,,
gtfo_SAX_desc;�ۼ������� ���踦 ���� ���� �Խ��ϴ�.;;;;;;;;;;;;x
gtfo_SCH_title;���������� ���� �㰡;;;;;;;;;;;;x,,
gtfo_SCH_desc;���������������� ���踦 ���� ���� �Խ��ϴ�.;;;;;;;;;;;;x
gtfo_SGF_title;������ ���� �㰡;;;;;;;;;;;;x,,
gtfo_SGF_desc;�����Ͽ����� ���踦 ���� ���� �Խ��ϴ�.;;;;;;;;;;;;x
gtfo_WEI_title;�ۼ�-���̸��� ���� �㰡;;;;;;;;;;;;x,,
gtfo_WEI_desc;�ۼ�-���̸��������� ���踦 ���� ���� �Խ��ϴ�.;;;;;;;;;;;;x
gtfo_WUR_title;�߸��ۺθ�ũ ���� �㰡;;;;;;;;;;;;x,,
gtfo_WUR_desc;�߸��ۺθ�ũ������ ���踦 ���� ���� �Խ��ϴ�.;;;;;;;;;;;;x
gtfo_LOM_title;�ҹٸ���� ���� �㰡;;;;;;;;;;;;x,,
gtfo_LOM_desc;�ҹٸ���ƿ����� ���踦 ���� ���� �Խ��ϴ�.;;;;;;;;;;;;x
gtfo_LUC_title;��ī ���� �㰡;;;;;;;;;;;;x,,
gtfo_LUC_desc;��ī������ ���踦 ���� ���� �Խ��ϴ�.;;;;;;;;;;;;x
gtfo_MOD_title;�𵥳� ���� �㰡;;;;;;;;;;;;x,,
gtfo_MOD_desc;�𵥳������� ���踦 ���� ���� �Խ��ϴ�.;;;;;;;;;;;;x
gtfo_PAP_title;��Ȳ�� ���� �㰡;;;;;;;;;;;;x,,
gtfo_PAP_desc;��Ȳ�ɿ����� ���踦 ���� ���� �Խ��ϴ�.;;;;;;;;;;;;x
gtfo_PAR_title;�ĸ��� ���� �㰡;;;;;;;;;;;;x,,
gtfo_PAR_desc;�ĸ��������� ���踦 ���� ���� �Խ��ϴ�.;;;;;;;;;;;;x
gtfo_SAR_title;�縣����-�ǿ����� ���� �㰡;;;;;;;;;;;;x,,
gtfo_SAR_desc;�縣����-�ǿ����׿����� ���踦 ���� ���� �Խ��ϴ�.;;;;;;;;;;;;x
gtfo_SIC_title;���ĥ���� ���� �㰡;;;;;;;;;;;;x,,
gtfo_SIC_desc;���ĥ���ƿ����� ���踦 ���� ���� �Խ��ϴ�.;;;;;;;;;;;;x
gtfo_TRE_title;Ʈ�������� ���� �㰡;;;;;;;;;;;;x,,
gtfo_TRE_desc;Ʈ�������׿����� ���踦 ���� ���� �Խ��ϴ�.;;;;;;;;;;;;x
gtfo_TUS_title;�佺ī�� ���� �㰡;;;;;;;;;;;;x,,
gtfo_TUS_desc;�佺ī�������� ���踦 ���� ���� �Խ��ϴ�.;;;;;;;;;;;;x
gtfo_VEN_title;����ġ�� ���� �㰡;;;;;;;;;;;;x,,
gtfo_VEN_desc;����ġ�ƿ����� ���踦 ���� ���� �Խ��ϴ�.;;;;;;;;;;;;x
gtfo_BOH_title;����̾�-����� ���� �㰡;;;;;;;;;;;;x,,
gtfo_BOH_desc;����̾�-����ƿ����� ���踦 ���� ���� �Խ��ϴ�.;;;;;;;;;;;;x
gtfo_KRA_title;ũ������ ���� �㰡;;;;;;;;;;;;x,,
gtfo_KRA_desc;ũ������������ ���踦 ���� ���� �Խ��ϴ�.;;;;;;;;;;;;x
gtfo_CRI_title;ũ�� ���� �㰡;;;;;;;;;;;;x,,
gtfo_CRI_desc;ũ�������� ���踦 ���� ���� �Խ��ϴ�.;;;;;;;;;;;;x
gtfo_EST_title;������Ͼ� ���� �㰡;;;;;;;;;;;;x,,
gtfo_EST_desc;������Ͼƿ����� ���踦 ���� ���� �Խ��ϴ�.;;;;;;;;;;;;x
gtfo_HUN_title;�밡�� ���� �㰡;;;;;;;;;;;;x,,
gtfo_HUN_desc;�밡�������� ���踦 ���� ���� �Խ��ϴ�.;;;;;;;;;;;;x
gtfo_LIT_title;�����ƴϾ� ���� �㰡;;;;;;;;;;;;x,,
gtfo_LIT_desc;�����ƴϾƿ����� ���踦 ���� ���� �Խ��ϴ�.;;;;;;;;;;;;x
gtfo_LAT_title;��Ʈ��� ���� �㰡;;;;;;;;;;;;x,,
gtfo_LAT_desc;��Ʈ��ƿ����� ���踦 ���� ���� �Խ��ϴ�.;;;;;;;;;;;;x
gtfo_POL_title;������ ���� �㰡;;;;;;;;;;;;x,,
gtfo_POL_desc;�����忡���� ���踦 ���� ���� �Խ��ϴ�.;;;;;;;;;;;;x
gtfo_SLV_title;���ι�Ű�� ���� �㰡;;;;;;;;;;;;x,,
gtfo_SLV_desc;���ι�Ű�ƿ����� ���踦 ���� ���� �Խ��ϴ�.;;;;;;;;;;;;x
gtfo_SWI_title;������ ���� �㰡;;;;;;;;;;;;x,,
gtfo_SWI_desc;������������ ���踦 ���� ���� �Խ��ϴ�.;;;;;;;;;;;;x
gtfo_RUT_title;���״Ͼ� ���� �㰡;;;;;;;;;;;;x,,
gtfo_RUT_desc;���״Ͼƿ����� ���踦 ���� ���� �Խ��ϴ�.;;;;;;;;;;;;x
gtfo_SIE_title;�����߸��� ���� �㰡;;;;;;;;;;;;x,,
gtfo_SIE_desc;�����߸��տ����� ���踦 ���� ���� �Խ��ϴ�.;;;;;;;;;;;;x
gtfo_UKR_title;��ũ���̳� ���� �㰡;;;;;;;;;;;;x,,
gtfo_UKR_desc;��ũ���̳������� ���踦 ���� ���� �Խ��ϴ�.;;;;;;;;;;;;x
gtfo_CZH_title;ü�ڽ��ι�Ű�� ���� �㰡;;;;;;;;;;;;x,,
gtfo_CZH_desc;ü�ڽ��ι�Ű�ƿ����� ���踦 ���� ���� �Խ��ϴ�.;;;;;;;;;;;;x
gtfo_ALB_title;�˹ٴϾ� ���� �㰡;;;;;;;;;;;;x,,
gtfo_ALB_desc;�˹ٴϾƿ����� ���踦 ���� ���� �Խ��ϴ�.;;;;;;;;;;;;x
gtfo_BOS_title;�����Ͼ�-�츣ü���� ���� �㰡;;;;;;;;;;;;x,,
gtfo_BOS_desc;�����Ͼ�-�츣ü���񳪿����� ���踦 ���� ���� �Խ��ϴ�.;;;;;;;;;;;;x
gtfo_BUL_title;�Ұ����� ���� �㰡;;;;;;;;;;;;x,,
gtfo_BUL_desc;�Ұ����ƿ����� ���踦 ���� ���� �Խ��ϴ�.;;;;;;;;;;;;x
gtfo_CRE_title;ũ��Ÿ ���� �㰡;;;;;;;;;;;;x,,
gtfo_CRE_desc;ũ��Ÿ������ ���踦 ���� ���� �Խ��ϴ�.;;;;;;;;;;;;x
gtfo_CRO_title;ũ�ξ�Ƽ�� ���� �㰡;;;;;;;;;;;;x,,
gtfo_CRO_desc;ũ�ξ�Ƽ�ƿ����� ���踦 ���� ���� �Խ��ϴ�.;;;;;;;;;;;;x
gtfo_CYP_title;Ű���ν� ���� �㰡;;;;;;;;;;;;x,,
gtfo_CYP_desc;Ű���ν������� ���踦 ���� ���� �Խ��ϴ�.;;;;;;;;;;;;x
gtfo_GRE_title;�׸��� ���� �㰡;;;;;;;;;;;;x,,
gtfo_GRE_desc;�׸��������� ���踦 ���� ���� �Խ��ϴ�.;;;;;;;;;;;;x
gtfo_ION_title;�̿��Ͼ� ���� �㰡;;;;;;;;;;;;x,,
gtfo_ION_desc;�̿��Ͼƿ����� ���踦 ���� ���� �Խ��ϴ�.;;;;;;;;;;;;x
gtfo_MOL_title;���ٺ�� ���� �㰡;;;;;;;;;;;;x,,
gtfo_MOL_desc;���ٺ�ƿ����� ���踦 ���� ���� �Խ��ϴ�.;;;;;;;;;;;;x
gtfo_MON_title;���׳ױ׷� ���� �㰡;;;;;;;;;;;;x,,
gtfo_MON_desc;���׳ױ׷ο����� ���踦 ���� ���� �Խ��ϴ�.;;;;;;;;;;;;x
gtfo_ROM_title;�縶�Ͼ� ���� �㰡;;;;;;;;;;;;x,,
gtfo_ROM_desc;�縶�Ͼƿ����� ���踦 ���� ���� �Խ��ϴ�.;;;;;;;;;;;;x
gtfo_SER_title;������� ���� �㰡;;;;;;;;;;;;x,,
gtfo_SER_desc;������ƿ����� ���踦 ���� ���� �Խ��ϴ�.;;;;;;;;;;;;x
gtfo_SLO_title;���κ��Ͼ� ���� �㰡;;;;;;;;;;;;x,,
gtfo_SLO_desc;���κ��Ͼƿ����� ���踦 ���� ���� �Խ��ϴ�.;;;;;;;;;;;;x
gtfo_TUR_title;������ ���� �㰡;;;;;;;;;;;;x,,
gtfo_TUR_desc;������������ ���踦 ���� ���� �Խ��ϴ�.;;;;;;;;;;;;x
gtfo_WAL_title;�ж�Ű�� ���� �㰡;;;;;;;;;;;;x,,
gtfo_WAL_desc;�ж�Ű�ƿ����� ���踦 ���� ���� �Խ��ϴ�.;;;;;;;;;;;;x
gtfo_YUG_title;���������� ���� �㰡;;;;;;;;;;;;x,,
gtfo_YUG_desc;���������ƿ����� ���踦 ���� ���� �Խ��ϴ�.;;;;;;;;;;;;x
gtfo_ALD_title;������ ���� �㰡;;;;;;;;;;;;x,,
gtfo_ALD_desc;������������ ���踦 ���� ���� �Խ��ϴ�.;;;;;;;;;;;;x
gtfo_CNG_title;��� ������ ���� �㰡;;;;;;;;;;;;x,,
gtfo_CNG_desc;��� ������������ ���踦 ���� ���� �Խ��ϴ�.;;;;;;;;;;;;x
gtfo_EGY_title;����Ʈ ���� �㰡;;;;;;;;;;;;x,,
gtfo_EGY_desc;����Ʈ������ ���踦 ���� ���� �Խ��ϴ�.;;;;;;;;;;;;x
gtfo_ETH_title;��Ƽ���Ǿ� ���� �㰡;;;;;;;;;;;;x,,
gtfo_ETH_desc;��Ƽ���Ǿƿ����� ���踦 ���� ���� �Խ��ϴ�.;;;;;;;;;;;;x
gtfo_MAD_title;���ٰ���ī�� ���� �㰡;;;;;;;;;;;;x,,
gtfo_MAD_desc;���ٰ���ī�������� ���踦 ���� ���� �Խ��ϴ�.;;;;;;;;;;;;x
gtfo_LIB_title;���̺����� ���� �㰡;;;;;;;;;;;;x,,
gtfo_LIB_desc;���̺����ƿ����� ���踦 ���� ���� �Խ��ϴ�.;;;;;;;;;;;;x
gtfo_MOR_title;����� ���� �㰡;;;;;;;;;;;;x,,
gtfo_MOR_desc;����ڿ����� ���踦 ���� ���� �Խ��ϴ�.;;;;;;;;;;;;x
gtfo_NAL_title;��Ż���� ���� �㰡;;;;;;;;;;;;x,,
gtfo_NAL_desc;��Ż���ƿ����� ���踦 ���� ���� �Խ��ϴ�.;;;;;;;;;;;;x
gtfo_ORA_title;����� ���� �㰡;;;;;;;;;;;;x,,
gtfo_ORA_desc;����鿡���� ���踦 ���� ���� �Խ��ϴ�.;;;;;;;;;;;;x
gtfo_SAF_title;��������ī ���� �㰡;;;;;;;;;;;;x,,
gtfo_SAF_desc;��������ī������ ���踦 ���� ���� �Խ��ϴ�.;;;;;;;;;;;;x
gtfo_SOK_title;������ ���� �㰡;;;;;;;;;;;;x,,
gtfo_SOK_desc;�����信���� ���踦 ���� ���� �Խ��ϴ�.;;;;;;;;;;;;x
gtfo_RHO_title;��������� ���� �㰡;;;;;;;;;;;;x,,
gtfo_RHO_desc;��������ƿ����� ���踦 ���� ���� �Խ��ϴ�.;;;;;;;;;;;;x
gtfo_TRI_title;Ʈ������ ���� �㰡;;;;;;;;;;;;x,,
gtfo_TRI_desc;Ʈ������������ ���踦 ���� ���� �Խ��ϴ�.;;;;;;;;;;;;x
gtfo_TRN_title;Ʈ������ ���� �㰡;;;;;;;;;;;;x,,
gtfo_TRN_desc;Ʈ�����߿����� ���踦 ���� ���� �Խ��ϴ�.;;;;;;;;;;;;x
gtfo_TUN_title;Ƣ���� ���� �㰡;;;;;;;;;;;;x,,
gtfo_TUN_desc;Ƣ���������� ���踦 ���� ���� �Խ��ϴ�.;;;;;;;;;;;;x
gtfo_ZAN_title;�����ٸ� ���� �㰡;;;;;;;;;;;;x,,
gtfo_ZAN_desc;�����ٸ������� ���踦 ���� ���� �Խ��ϴ�.;;;;;;;;;;;;x
gtfo_ZUL_title;�ٷ� ���� �㰡;;;;;;;;;;;;x,,
gtfo_ZUL_desc;�ٷ翡���� ���踦 ���� ���� �Խ��ϴ�.;;;;;;;;;;;;x
gtfo_ABU_title;�ƺδٺ� ���� �㰡;;;;;;;;;;;;x,,
gtfo_ABU_desc;�ƺδٺ񿡼��� ���踦 ���� ���� �Խ��ϴ�.;;;;;;;;;;;;x
gtfo_AFG_title;�������Ͻ�ź ���� �㰡;;;;;;;;;;;;x,,
gtfo_AFG_desc;�������Ͻ�ź������ ���踦 ���� ���� �Խ��ϴ�.;;;;;;;;;;;;x
gtfo_ARM_title;�Ƹ��޴Ͼ� ���� �㰡;;;;;;;;;;;;x,,
gtfo_ARM_desc;�Ƹ��޴Ͼƿ����� ���踦 ���� ���� �Խ��ϴ�.;;;;;;;;;;;;x
gtfo_AZB_title;������������ ���� �㰡;;;;;;;;;;;;x,,
gtfo_AZB_desc;�����������ܿ����� ���踦 ���� ���� �Խ��ϴ�.;;;;;;;;;;;;x
gtfo_BUK_title;���϶� ���� �㰡;;;;;;;;;;;;x,,
gtfo_BUK_desc;���϶󿡼��� ���踦 ���� ���� �Խ��ϴ�.;;;;;;;;;;;;x
gtfo_GEO_title;�׷����� ���� �㰡;;;;;;;;;;;;x,,
gtfo_GEO_desc;�׷����߿����� ���踦 ���� ���� �Խ��ϴ�.;;;;;;;;;;;;x
gtfo_HDJ_title;������ ���� �㰡;;;;;;;;;;;;x,,
gtfo_HDJ_desc;��������� ���踦 ���� ���� �Խ��ϴ�.;;;;;;;;;;;;x
gtfo_IRQ_title;�̶�ũ ���� �㰡;;;;;;;;;;;;x,,
gtfo_IRQ_desc;�̶�ũ������ ���踦 ���� ���� �Խ��ϴ�.;;;;;;;;;;;;x
gtfo_KHI_title;Ű�� ���� �㰡;;;;;;;;;;;;x,,
gtfo_KHI_desc;Ű�ٿ����� ���踦 ���� ���� �Խ��ϴ�.;;;;;;;;;;;;x
gtfo_KOK_title;��ĭ�� ���� �㰡;;;;;;;;;;;;x,,
gtfo_KOK_desc;��ĭ�忡���� ���踦 ���� ���� �Խ��ϴ�.;;;;;;;;;;;;x
gtfo_MUG_title;���� ���� �㰡;;;;;;;;;;;;x,,
gtfo_MUG_desc;���������� ���踦 ���� ���� �Խ��ϴ�.;;;;;;;;;;;;x
gtfo_NEJ_title;������ ���� �㰡;;;;;;;;;;;;x,,
gtfo_NEJ_desc;�����忡���� ���踦 ���� ���� �Խ��ϴ�.;;;;;;;;;;;;x
gtfo_OMA_title;���� ���� �㰡;;;;;;;;;;;;x,,
gtfo_OMA_desc;���������� ���踦 ���� ���� �Խ��ϴ�.;;;;;;;;;;;;x
gtfo_PER_title;�丣�þ� ���� �㰡;;;;;;;;;;;;x,,
gtfo_PER_desc;�丣�þƿ����� ���踦 ���� ���� �Խ��ϴ�.;;;;;;;;;;;;x
gtfo_YEM_title;���� ���� �㰡;;;;;;;;;;;;x,,
gtfo_YEM_desc;���࿡���� ���踦 ���� ���� �Խ��ϴ�.;;;;;;;;;;;;x
gtfo_HND_title;�ε� ���� �㰡;;;;;;;;;;;;x,,
gtfo_HND_desc;�ε������� ���踦 ���� ���� �Խ��ϴ�.;;;;;;;;;;;;x
gtfo_AWA_title;�ƿ͵� ���� �㰡;;;;;;;;;;;;x,,
gtfo_AWA_desc;�ƿ͵忡���� ���踦 ���� ���� �Խ��ϴ�.;;;;;;;;;;;;x
gtfo_BAS_title;�ٽ�Ÿ�� ���� �㰡;;;;;;;;;;;;x,,
gtfo_BAS_desc;�ٽ�Ÿ�������� ���踦 ���� ���� �Խ��ϴ�.;;;;;;;;;;;;x
gtfo_BER_title;��δ� ���� �㰡;;;;;;;;;;;;x,,
gtfo_BER_desc;��δٿ����� ���踦 ���� ���� �Խ��ϴ�.;;;;;;;;;;;;x
gtfo_BHO_title;���� ���� �㰡;;;;;;;;;;;;x,,
gtfo_BHO_desc;���ȿ����� ���踦 ���� ���� �Խ��ϴ�.;;;;;;;;;;;;x
gtfo_BIK_title;��ī�׸� ���� �㰡;;;;;;;;;;;;x,,
gtfo_BIK_desc;��ī�׸������� ���踦 ���� ���� �Խ��ϴ�.;;;;;;;;;;;;x
gtfo_BUN_title;�е�ĭ�� ���� �㰡;;;;;;;;;;;;x,,
gtfo_BUN_desc;�е�ĭ�忡���� ���踦 ���� ���� �Խ��ϴ�.;;;;;;;;;;;;x
gtfo_GWA_title;�������� ���� �㰡;;;;;;;;;;;;x,,
gtfo_GWA_desc;�������������� ���踦 ���� ���� �Խ��ϴ�.;;;;;;;;;;;;x
gtfo_HYD_title;���̵���ٵ� ���� �㰡;;;;;;;;;;;;x,,
gtfo_HYD_desc;���̵���ٵ忡���� ���踦 ���� ���� �Խ��ϴ�.;;;;;;;;;;;;x
gtfo_IND_title;�ε��� ���� �㰡;;;;;;;;;;;;x,,
gtfo_IND_desc;�ε��������� ���踦 ���� ���� �Խ��ϴ�.;;;;;;;;;;;;x
gtfo_JAI_title;����Ǫ�� ���� �㰡;;;;;;;;;;;;x,,
gtfo_JAI_desc;����Ǫ�������� ���踦 ���� ���� �Խ��ϴ�.;;;;;;;;;;;;x
gtfo_JAS_title;���̻�޸� ���� �㰡;;;;;;;;;;;;x,,
gtfo_JAS_desc;���̻�޸������� ���踦 ���� ���� �Խ��ϴ�.;;;;;;;;;;;;x
gtfo_JOD_title;����Ǫ�� ���� �㰡;;;;;;;;;;;;x,,
gtfo_JOD_desc;����Ǫ�������� ���踦 ���� ���� �Խ��ϴ�.;;;;;;;;;;;;x
gtfo_KAL_title;Į��Ʈ ���� �㰡;;;;;;;;;;;;x,,
gtfo_KAL_desc;Į��Ʈ������ ���踦 ���� ���� �Խ��ϴ�.;;;;;;;;;;;;x
gtfo_KAS_title;ī���̸� ���� �㰡;;;;;;;;;;;;x,,
gtfo_KAS_desc;ī���̸������� ���踦 ���� ���� �Խ��ϴ�.;;;;;;;;;;;;x
gtfo_KUT_title;��ġ ���� �㰡;;;;;;;;;;;;x,,
gtfo_KUT_desc;��ġ������ ���踦 ���� ���� �Խ��ϴ�.;;;;;;;;;;;;x
gtfo_LAD_title;���ũ ���� �㰡;;;;;;;;;;;;x,,
gtfo_LAD_desc;���ũ������ ���踦 ���� ���� �Խ��ϴ�.;;;;;;;;;;;;x
gtfo_MAK_title;��ũ�� ���� �㰡;;;;;;;;;;;;x,,
gtfo_MAK_desc;��ũ�������� ���踦 ���� ���� �Խ��ϴ�.;;;;;;;;;;;;x
gtfo_MEW_title;�޿͸� ���� �㰡;;;;;;;;;;;;x,,
gtfo_MEW_desc;�޿͸������� ���踦 ���� ���� �Խ��ϴ�.;;;;;;;;;;;;x
gtfo_MYS_title;���̼Ҹ� ���� �㰡;;;;;;;;;;;;x,,
gtfo_MYS_desc;���̼Ҹ������� ���踦 ���� ���� �Խ��ϴ�.;;;;;;;;;;;;x
gtfo_NAG_title;����Ǫ�� ���� �㰡;;;;;;;;;;;;x,,
gtfo_NAG_desc;����Ǫ�������� ���踦 ���� ���� �Խ��ϴ�.;;;;;;;;;;;;x
gtfo_NEP_title;���� ���� �㰡;;;;;;;;;;;;x,,
gtfo_NEP_desc;���ȿ����� ���踦 ���� ���� �Խ��ϴ�.;;;;;;;;;;;;x
gtfo_ORI_title;������ ���� �㰡;;;;;;;;;;;;x,,
gtfo_ORI_desc;�����翡���� ���踦 ���� ���� �Խ��ϴ�.;;;;;;;;;;;;x
gtfo_PNJ_title;���ں� ���� �㰡;;;;;;;;;;;;x,,
gtfo_PNJ_desc;���ں꿡���� ���踦 ���� ���� �Խ��ϴ�.;;;;;;;;;;;;x
gtfo_SHI_title;�ɶ� ���� �㰡;;;;;;;;;;;;x,,
gtfo_SHI_desc;�ɶ󿡼��� ���踦 ���� ���� �Խ��ϴ�.;;;;;;;;;;;;x
gtfo_SIK_title;��Ŵ ���� �㰡;;;;;;;;;;;;x,,
gtfo_SIK_desc;��Ŵ������ ���踦 ���� ���� �Խ��ϴ�.;;;;;;;;;;;;x
gtfo_SIN_title;�ŵ� ���� �㰡;;;;;;;;;;;;x,,
gtfo_SIN_desc;�ŵ忡���� ���踦 ���� ���� �Խ��ϴ�.;;;;;;;;;;;;x
gtfo_TRA_title;Ʈ����ڸ� ���� �㰡;;;;;;;;;;;;x,,
gtfo_TRA_desc;Ʈ����ڸ������� ���踦 ���� ���� �Խ��ϴ�.;;;;;;;;;;;;x
gtfo_ATJ_title;��ü ���� �㰡;;;;;;;;;;;;x,,
gtfo_ATJ_desc;��ü������ ���踦 ���� ���� �Խ��ϴ�.;;;;;;;;;;;;x
gtfo_BAL_title;�߸� ���� �㰡;;;;;;;;;;;;x,,
gtfo_BAL_desc;�߸������� ���踦 ���� ���� �Խ��ϴ�.;;;;;;;;;;;;x
gtfo_BHU_title;��ź ���� �㰡;;;;;;;;;;;;x,,
gtfo_BHU_desc;��ź������ ���踦 ���� ���� �Խ��ϴ�.;;;;;;;;;;;;x
gtfo_BRU_title;��糪�� ���� �㰡;;;;;;;;;;;;x,,
gtfo_BRU_desc;��糪�̿����� ���踦 ���� ���� �Խ��ϴ�.;;;;;;;;;;;;x
gtfo_BUR_title;���� ���� �㰡;;;;;;;;;;;;x,,
gtfo_BUR_desc;���������� ���踦 ���� ���� �Խ��ϴ�.;;;;;;;;;;;;x
gtfo_CAM_title;į����� ���� �㰡;;;;;;;;;;;;x,,
gtfo_CAM_desc;į����ƿ����� ���踦 ���� ���� �Խ��ϴ�.;;;;;;;;;;;;x
gtfo_CHI_title;�߱� ���� �㰡;;;;;;;;;;;;x,,
gtfo_CHI_desc;�߱������� ���踦 ���� ���� �Խ��ϴ�.;;;;;;;;;;;;x
gtfo_DAI_title;��Ʈ�� ���� �㰡;;;;;;;;;;;;x,,
gtfo_DAI_desc;��Ʈ�������� ���踦 ���� ���� �Խ��ϴ�.;;;;;;;;;;;;x
gtfo_JAV_title;�ڹ� ���� �㰡;;;;;;;;;;;;x,,
gtfo_JAV_desc;�ڹٿ����� ���踦 ���� ���� �Խ��ϴ�.;;;;;;;;;;;;x
gtfo_KOR_title;���� ���� �㰡;;;;;;;;;;;;x,,
gtfo_KOR_desc;���������� ���踦 ���� ���� �Խ��ϴ�.;;;;;;;;;;;;x
gtfo_LUA_title;�������� ���� �㰡;;;;;;;;;;;;x,,
gtfo_LUA_desc;�������濡���� ���踦 ���� ���� �Խ��ϴ�.;;;;;;;;;;;;x
gtfo_JOH_title;��ȣ�� ���� �㰡;;;;;;;;;;;;x,,
gtfo_JOH_desc;��ȣ�������� ���踦 ���� ���� �Խ��ϴ�.;;;;;;;;;;;;x
gtfo_SIA_title;�þ� ���� �㰡;;;;;;;;;;;;x,,
gtfo_SIA_desc;�þϿ����� ���踦 ���� ���� �Խ��ϴ�.;;;;;;;;;;;;x
gtfo_TIB_title;Ƽ��Ʈ ���� �㰡;;;;;;;;;;;;x,,
gtfo_TIB_desc;Ƽ��Ʈ������ ���踦 ���� ���� �Խ��ϴ�.;;;;;;;;;;;;x
gtfo_MGL_title;���� ���� �㰡;;;;;;;;;;;;x,,
gtfo_MGL_desc;���񿡼��� ���踦 ���� ���� �Խ��ϴ�.;;;;;;;;;;;;x
gtfo_WIA_title;����¯ ���� �㰡;;;;;;;;;;;;x,,
gtfo_WIA_desc;����¯������ ���踦 ���� ���� �Խ��ϴ�.;;;;;;;;;;;;x
gtfo_PHL_title;�ʸ��� ���� �㰡;;;;;;;;;;;;x,,
gtfo_PHL_desc;�ʸ��ɿ����� ���踦 ���� ���� �Խ��ϴ�.;;;;;;;;;;;;x
gtfo_MCK_title;���� ���� �㰡;;;;;;;;;;;;x,,
gtfo_MCK_desc;���ֿ����� ���踦 ���� ���� �Խ��ϴ�.;;;;;;;;;;;;x
gtfo_GXI_title;���� ���� �㰡;;;;;;;;;;;;x,,
gtfo_GXI_desc;���������� ���踦 ���� ���� �Խ��ϴ�.;;;;;;;;;;;;x
gtfo_SXI_title;�꼭 ���� �㰡;;;;;;;;;;;;x,,
gtfo_SXI_desc;�꼭������ ���踦 ���� ���� �Խ��ϴ�.;;;;;;;;;;;;x
gtfo_YNN_title;� ���� �㰡;;;;;;;;;;;;x,,
gtfo_YNN_desc;������� ���踦 ���� ���� �Խ��ϴ�.;;;;;;;;;;;;x
gtfo_XBI_title;û�� ���� �㰡;;;;;;;;;;;;x,,
gtfo_XBI_desc;û�ؿ����� ���踦 ���� ���� �Խ��ϴ�.;;;;;;;;;;;;x
gtfo_XIN_title;�Ű� ���� �㰡;;;;;;;;;;;;x,,
gtfo_XIN_desc;�Ű������� ���踦 ���� ���� �Խ��ϴ�.;;;;;;;;;;;;x
gtfo_CAL_title;Ķ�����Ͼ� ���� �㰡;;;;;;;;;;;;x,,
gtfo_CAL_desc;Ķ�����Ͼƿ����� ���踦 ���� ���� �Խ��ϴ�.;;;;;;;;;;;;x
gtfo_CAN_title;ĳ���� ���� �㰡;;;;;;;;;;;;x,,
gtfo_CAN_desc;ĳ���ٿ����� ���踦 ���� ���� �Խ��ϴ�.;;;;;;;;;;;;x
gtfo_CHE_title;ü��Ű ���� �㰡;;;;;;;;;;;;x,,
gtfo_CHE_desc;ü��Ű������ ���踦 ���� ���� �Խ��ϴ�.;;;;;;;;;;;;x
gtfo_COL_title;�÷���� ���� �㰡;;;;;;;;;;;;x,,
gtfo_COL_desc;�÷���ƿ����� ���踦 ���� ���� �Խ��ϴ�.;;;;;;;;;;;;x
gtfo_COS_title;�ڽ�Ÿ��ī ���� �㰡;;;;;;;;;;;;x,,
gtfo_COS_desc;�ڽ�Ÿ��ī������ ���踦 ���� ���� �Խ��ϴ�.;;;;;;;;;;;;x
gtfo_CSA_title;���θ͹� ���� �㰡;;;;;;;;;;;;x,,
gtfo_CSA_desc;���θ͹濡���� ���踦 ���� ���� �Խ��ϴ�.;;;;;;;;;;;;x
gtfo_CUB_title;���� ���� �㰡;;;;;;;;;;;;x,,
gtfo_CUB_desc;���ٿ����� ���踦 ���� ���� �Խ��ϴ�.;;;;;;;;;;;;x
gtfo_DES_title;������ ���� �㰡;;;;;;;;;;;;x,,
gtfo_DES_desc;������������ ���踦 ���� ���� �Խ��ϴ�.;;;;;;;;;;;;x
gtfo_DOM_title;���̴�ī ���� �㰡;;;;;;;;;;;;x,,
gtfo_DOM_desc;���̴�ī������ ���踦 ���� ���� �Խ��ϴ�.;;;;;;;;;;;;x
gtfo_ELS_title;����ٵ��� ���� �㰡;;;;;;;;;;;;x,,
gtfo_ELS_desc;����ٵ��������� ���踦 ���� ���� �Խ��ϴ�.;;;;;;;;;;;;x
gtfo_GUA_title;���׸��� ���� �㰡;;;;;;;;;;;;x,,
gtfo_GUA_desc;���׸��󿡼��� ���踦 ���� ���� �Խ��ϴ�.;;;;;;;;;;;;x
gtfo_HAI_title;����Ƽ ���� �㰡;;;;;;;;;;;;x,,
gtfo_HAI_desc;����Ƽ������ ���踦 ���� ���� �Խ��ϴ�.;;;;;;;;;;;;x
gtfo_HAW_title;�Ͽ��� ���� �㰡;;;;;;;;;;;;x,,
gtfo_HAW_desc;�Ͽ��̿����� ���踦 ���� ���� �Խ��ϴ�.;;;;;;;;;;;;x
gtfo_MEX_title;�߽��� ���� �㰡;;;;;;;;;;;;x,,
gtfo_MEX_desc;�߽��ڿ����� ���踦 ���� ���� �Խ��ϴ�.;;;;;;;;;;;;x
gtfo_MTC_title;��Ƽ�� ���� �㰡;;;;;;;;;;;;x,,
gtfo_MTC_desc;��Ƽ�������� ���踦 ���� ���� �Խ��ϴ�.;;;;;;;;;;;;x
gtfo_HON_title;�µζ� ���� �㰡;;;;;;;;;;;;x,,
gtfo_HON_desc;�µζ󽺿����� ���踦 ���� ���� �Խ��ϴ�.;;;;;;;;;;;;x
gtfo_NEN_title;���ױ۷��� ���� �㰡;;;;;;;;;;;;x,,
gtfo_NEN_desc;���ױ۷��忡���� ���踦 ���� ���� �Խ��ϴ�.;;;;;;;;;;;;x
gtfo_NEW_title;���ݵ鷣�� ���� �㰡;;;;;;;;;;;;x,,
gtfo_NEW_desc;���ݵ鷣�忡���� ���踦 ���� ���� �Խ��ϴ�.;;;;;;;;;;;;x
gtfo_NIC_title;��ī��� ���� �㰡;;;;;;;;;;;;x,,
gtfo_NIC_desc;��ī��������� ���踦 ���� ���� �Խ��ϴ�.;;;;;;;;;;;;x
gtfo_PNM_title;�ĳ��� ���� �㰡;;;;;;;;;;;;x,,
gtfo_PNM_desc;�ĳ��������� ���踦 ���� ���� �Խ��ϴ�.;;;;;;;;;;;;x
gtfo_QUE_title;���� ���� �㰡;;;;;;;;;;;;x,,
gtfo_QUE_desc;���������� ���踦 ���� ���� �Խ��ϴ�.;;;;;;;;;;;;x
gtfo_TEX_title;�ػ罺 ���� �㰡;;;;;;;;;;;;x,,
gtfo_TEX_desc;�ػ罺������ ���踦 ���� ���� �Խ��ϴ�.;;;;;;;;;;;;x
gtfo_UCA_title;�߾ӾƸ޸�ī ���� �㰡;;;;;;;;;;;;x,,
gtfo_UCA_desc;�߾ӾƸ޸�ī������ ���踦 ���� ���� �Խ��ϴ�.;;;;;;;;;;;;x
gtfo_ARG_title;�Ƹ���Ƽ�� ���� �㰡;;;;;;;;;;;;x,,
gtfo_ARG_desc;�Ƹ���Ƽ�������� ���踦 ���� ���� �Խ��ϴ�.;;;;;;;;;;;;x
gtfo_BOL_title;������� ���� �㰡;;;;;;;;;;;;x,,
gtfo_BOL_desc;������ƿ����� ���踦 ���� ���� �Խ��ϴ�.;;;;;;;;;;;;x
gtfo_BRZ_title;����� ���� �㰡;;;;;;;;;;;;x,,
gtfo_BRZ_desc;����������� ���踦 ���� ���� �Խ��ϴ�.;;;;;;;;;;;;x
gtfo_CHL_title;ĥ�� ���� �㰡;;;;;;;;;;;;x,,
gtfo_CHL_desc;ĥ�������� ���踦 ���� ���� �Խ��ϴ�.;;;;;;;;;;;;x
gtfo_CLM_title;�ݷҺ�� ���� �㰡;;;;;;;;;;;;x,,
gtfo_CLM_desc;�ݷҺ�ƿ����� ���踦 ���� ���� �Խ��ϴ�.;;;;;;;;;;;;x
gtfo_ECU_title;���⵵�� ���� �㰡;;;;;;;;;;;;x,,
gtfo_ECU_desc;���⵵�������� ���踦 ���� ���� �Խ��ϴ�.;;;;;;;;;;;;x
gtfo_PEU_title;��� ���� �㰡;;;;;;;;;;;;x,,
gtfo_PEU_desc;��翡���� ���踦 ���� ���� �Խ��ϴ�.;;;;;;;;;;;;x
gtfo_PRG_title;�Ķ���� ���� �㰡;;;;;;;;;;;;x,,
gtfo_PRG_desc;�Ķ���̿����� ���踦 ���� ���� �Խ��ϴ�.;;;;;;;;;;;;x
gtfo_URU_title;������ ���� �㰡;;;;;;;;;;;;x,,
gtfo_URU_desc;�����̿����� ���踦 ���� ���� �Խ��ϴ�.;;;;;;;;;;;;x
gtfo_VNZ_title;���׼����� ���� �㰡;;;;;;;;;;;;x,,
gtfo_VNZ_desc;���׼����󿡼��� ���踦 ���� ���� �Խ��ϴ�.;;;;;;;;;;;;x
gtfo_AST_title;����Ʈ���ϸ��� ���� �㰡;;;;;;;;;;;;x,,
gtfo_AST_desc;����Ʈ���ϸ��ƿ����� ���踦 ���� ���� �Խ��ϴ�.;;;;;;;;;;;;x
gtfo_NZL_title;�������� ���� �㰡;;;;;;;;;;;;x,,
gtfo_NZL_desc;�������忡���� ���踦 ���� ���� �Խ��ϴ�.;;;;;;;;;;;;x
gtfo_ENG_title;���� ���� �㰡;;;;;;;;;;;;x,,
gtfo_ENG_desc;���������� ���踦 ���� ���� �Խ��ϴ�.;;;;;;;;;;;;x
gtfo_RUS_title;���þ� ���� �㰡;;;;;;;;;;;;x,,
gtfo_RUS_desc;���þƿ����� ���踦 ���� ���� �Խ��ϴ�.;;;;;;;;;;;;x
gtfo_FRA_title;������ ���� �㰡;;;;;;;;;;;;x,,
gtfo_FRA_desc;������������ ���踦 ���� ���� �Խ��ϴ�.;;;;;;;;;;;;x
gtfo_PRU_title;�����̼� ���� �㰡;;;;;;;;;;;;x,,
gtfo_PRU_desc;�����̼������� ���踦 ���� ���� �Խ��ϴ�.;;;;;;;;;;;;x
gtfo_GER_title;���� ���� �㰡;;;;;;;;;;;;x,,
gtfo_GER_desc;���Ͽ����� ���踦 ���� ���� �Խ��ϴ�.;;;;;;;;;;;;x
gtfo_AUS_title;����Ʈ���� ���� �㰡;;;;;;;;;;;;x,,
gtfo_AUS_desc;����Ʈ���ƿ����� ���踦 ���� ���� �Խ��ϴ�.;;;;;;;;;;;;x
gtfo_USA_title;�����߱� ���� �㰡;;;;;;;;;;;;x,,
gtfo_USA_desc;�����߱������� ���踦 ���� ���� �Խ��ϴ�.;;;;;;;;;;;;x
gtfo_JAP_title;�Ϻ� ���� �㰡;;;;;;;;;;;;x,,
gtfo_JAP_desc;�Ϻ������� ���踦 ���� ���� �Խ��ϴ�.;;;;;;;;;;;;x
gtfo_ITA_title;��Ż���� ���� �㰡;;;;;;;;;;;;x,,
gtfo_ITA_desc;��Ż���ƿ����� ���踦 ���� ���� �Խ��ϴ�.;;;;;;;;;;;;x
gtfo_KUK_title;����Ʈ����-�밡�� ���� �㰡;;;;;;;;;;;;x,,
gtfo_KUK_desc;����Ʈ����-�밡�������� ���踦 ���� ���� �Խ��ϴ�.;;;;;;;;;;;;x
gtfo_ISR_title;�̽��� ���� �㰡;;;;;;;;;;;;x,,
gtfo_ISR_desc;�̽��󿤿����� ���踦 ���� ���� �Խ��ϴ�.;;;;;;;;;;;;x
gtfo_ICL_title;���̽����� ���� �㰡;;;;;;;;;;;;x,,
gtfo_ICL_desc;���̽����忡���� ���踦 ���� ���� �Խ��ϴ�.;;;;;;;;;;;;x
gtfo_IBR_title;�̺����� ���� �㰡;;;;;;;;;;;;x,,
gtfo_IBR_desc;�̺����ƿ����� ���踦 ���� ���� �Խ��ϴ�.;;;;;;;;;;;;x
gtfo_BYZ_title;�θ� ���� �㰡;;;;;;;;;;;;x,,
gtfo_BYZ_desc;�θ������� ���踦 ���� ���� �Խ��ϴ�.;;;;;;;;;;;;x
gtfo_BAB_title;�ٺ��� ���� �㰡;;;;;;;;;;;;x,,
gtfo_BAB_desc;�ٺ��п����� ���踦 ���� ���� �Խ��ϴ�.;;;;;;;;;;;;x
gtfo_TPG_title;����õ�� ���� �㰡;;;;;;;;;;;;x,,
gtfo_TPG_desc;����õ�������� ���踦 ���� ���� �Խ��ϴ�.;;;;;;;;;;;;x
gtfo_D01_title;D01 ���� �㰡;;;;;;;;;;;;x,,
gtfo_D01_desc;D01������ ���踦 ���� ���� �Խ��ϴ�.;;;;;;;;;;;;x
gtfo_D02_title;D02 ���� �㰡;;;;;;;;;;;;x,,
gtfo_D02_desc;D02������ ���踦 ���� ���� �Խ��ϴ�.;;;;;;;;;;;;x
gtfo_D03_title;D03 ���� �㰡;;;;;;;;;;;;x,,
gtfo_D03_desc;D03������ ���踦 ���� ���� �Խ��ϴ�.;;;;;;;;;;;;x
gtfo_D04_title;D04 ���� �㰡;;;;;;;;;;;;x,,
gtfo_D04_desc;D04������ ���踦 ���� ���� �Խ��ϴ�.;;;;;;;;;;;;x
gtfo_D05_title;D05 ���� �㰡;;;;;;;;;;;;x,,
gtfo_D05_desc;D05������ ���踦 ���� ���� �Խ��ϴ�.;;;;;;;;;;;;x
gtfo_D06_title;D06 ���� �㰡;;;;;;;;;;;;x,,
gtfo_D06_desc;D06������ ���踦 ���� ���� �Խ��ϴ�.;;;;;;;;;;;;x
gtfo_D07_title;D07 ���� �㰡;;;;;;;;;;;;x,,
gtfo_D07_desc;D07������ ���踦 ���� ���� �Խ��ϴ�.;;;;;;;;;;;;x
gtfo_D08_title;D08 ���� �㰡;;;;;;;;;;;;x,,
gtfo_D08_desc;D08������ ���踦 ���� ���� �Խ��ϴ�.;;;;;;;;;;;;x
gtfo_D09_title;D09 ���� �㰡;;;;;;;;;;;;x,,
gtfo_D09_desc;D09������ ���踦 ���� ���� �Խ��ϴ�.;;;;;;;;;;;;x
gtfo_D10_title;D10 ���� �㰡;;;;;;;;;;;;x,,
gtfo_D10_desc;D10������ ���踦 ���� ���� �Խ��ϴ�.;;;;;;;;;;;;x
gtfo_D11_title;D11 ���� �㰡;;;;;;;;;;;;x,,
gtfo_D11_desc;D11������ ���踦 ���� ���� �Խ��ϴ�.;;;;;;;;;;;;x
gtfo_D12_title;D12 ���� �㰡;;;;;;;;;;;;x,,
gtfo_D12_desc;D12������ ���踦 ���� ���� �Խ��ϴ�.;;;;;;;;;;;;x
gtfo_D13_title;D13 ���� �㰡;;;;;;;;;;;;x,,
gtfo_D13_desc;D13������ ���踦 ���� ���� �Խ��ϴ�.;;;;;;;;;;;;x
gtfo_D14_title;D14 ���� �㰡;;;;;;;;;;;;x,,
gtfo_D14_desc;D14������ ���踦 ���� ���� �Խ��ϴ�.;;;;;;;;;;;;x
gtfo_D15_title;D15 ���� �㰡;;;;;;;;;;;;x,,
gtfo_D15_desc;D15������ ���踦 ���� ���� �Խ��ϴ�.;;;;;;;;;;;;x
gtfo_D16_title;D16 ���� �㰡;;;;;;;;;;;;x,,
gtfo_D16_desc;D16������ ���踦 ���� ���� �Խ��ϴ�.;;;;;;;;;;;;x
gtfo_D17_title;D17 ���� �㰡;;;;;;;;;;;;x,,
gtfo_D17_desc;D17������ ���踦 ���� ���� �Խ��ϴ�.;;;;;;;;;;;;x
gtfo_D18_title;D18 ���� �㰡;;;;;;;;;;;;x,,
gtfo_D18_desc;D18������ ���踦 ���� ���� �Խ��ϴ�.;;;;;;;;;;;;x
gtfo_D19_title;D19 ���� �㰡;;;;;;;;;;;;x,,
gtfo_D19_desc;D19������ ���踦 ���� ���� �Խ��ϴ�.;;;;;;;;;;;;x
gtfo_D20_title;D20 ���� �㰡;;;;;;;;;;;;x,,
gtfo_D20_desc;D20������ ���踦 ���� ���� �Խ��ϴ�.;;;;;;;;;;;;x
gtfo_D21_title;D21 ���� �㰡;;;;;;;;;;;;x,,
gtfo_D21_desc;D21������ ���踦 ���� ���� �Խ��ϴ�.;;;;;;;;;;;;x
gtfo_D22_title;D22 ���� �㰡;;;;;;;;;;;;x,,
gtfo_D22_desc;D22������ ���踦 ���� ���� �Խ��ϴ�.;;;;;;;;;;;;x
gtfo_D23_title;D23 ���� �㰡;;;;;;;;;;;;x,,
gtfo_D23_desc;D23������ ���踦 ���� ���� �Խ��ϴ�.;;;;;;;;;;;;x
gtfo_D24_title;D24 ���� �㰡;;;;;;;;;;;;x,,
gtfo_D24_desc;D24������ ���踦 ���� ���� �Խ��ϴ�.;;;;;;;;;;;;x
gtfo_D25_title;D25 ���� �㰡;;;;;;;;;;;;x,,
gtfo_D25_desc;D25������ ���踦 ���� ���� �Խ��ϴ�.;;;;;;;;;;;;x
gtfo_D26_title;D26 ���� �㰡;;;;;;;;;;;;x,,
gtfo_D26_desc;D26������ ���踦 ���� ���� �Խ��ϴ�.;;;;;;;;;;;;x
gtfo_D27_title;D27 ���� �㰡;;;;;;;;;;;;x,,
gtfo_D27_desc;D27������ ���踦 ���� ���� �Խ��ϴ�.;;;;;;;;;;;;x
gtfo_D28_title;D28 ���� �㰡;;;;;;;;;;;;x,,
gtfo_D28_desc;D28������ ���踦 ���� ���� �Խ��ϴ�.;;;;;;;;;;;;x
gtfo_D29_title;D29 ���� �㰡;;;;;;;;;;;;x,,
gtfo_D29_desc;D29������ ���踦 ���� ���� �Խ��ϴ�.;;;;;;;;;;;;x
gtfo_D30_title;D30 ���� �㰡;;;;;;;;;;;;x,,
gtfo_D30_desc;D30������ ���踦 ���� ���� �Խ��ϴ�.;;;;;;;;;;;;x
gtfo_D31_title;D31 ���� �㰡;;;;;;;;;;;;x,,
gtfo_D31_desc;D31������ ���踦 ���� ���� �Խ��ϴ�.;;;;;;;;;;;;x
gtfo_D32_title;D32 ���� �㰡;;;;;;;;;;;;x,,
gtfo_D32_desc;D32������ ���踦 ���� ���� �Խ��ϴ�.;;;;;;;;;;;;x
gtfo_D33_title;D33 ���� �㰡;;;;;;;;;;;;x,,
gtfo_D33_desc;D33������ ���踦 ���� ���� �Խ��ϴ�.;;;;;;;;;;;;x
gtfo_D34_title;D34 ���� �㰡;;;;;;;;;;;;x,,
gtfo_D34_desc;D34������ ���踦 ���� ���� �Խ��ϴ�.;;;;;;;;;;;;x
gtfo_D35_title;D35 ���� �㰡;;;;;;;;;;;;x,,
gtfo_D35_desc;D35������ ���踦 ���� ���� �Խ��ϴ�.;;;;;;;;;;;;x
gtfo_D36_title;D36 ���� �㰡;;;;;;;;;;;;x,,
gtfo_D36_desc;D36������ ���踦 ���� ���� �Խ��ϴ�.;;;;;;;;;;;;x
gtfo_D37_title;D37 ���� �㰡;;;;;;;;;;;;x,,
gtfo_D37_desc;D37������ ���踦 ���� ���� �Խ��ϴ�.;;;;;;;;;;;;x
gtfo_D38_title;D38 ���� �㰡;;;;;;;;;;;;x,,
gtfo_D38_desc;D38������ ���踦 ���� ���� �Խ��ϴ�.;;;;;;;;;;;;x
gtfo_D39_title;D39 ���� �㰡;;;;;;;;;;;;x,,
gtfo_D39_desc;D39������ ���踦 ���� ���� �Խ��ϴ�.;;;;;;;;;;;;x
gtfo_D40_title;D40 ���� �㰡;;;;;;;;;;;;x,,
gtfo_D40_desc;D40������ ���踦 ���� ���� �Խ��ϴ�.;;;;;;;;;;;;x
gtfo_D41_title;D41 ���� �㰡;;;;;;;;;;;;x,,
gtfo_D41_desc;D41������ ���踦 ���� ���� �Խ��ϴ�.;;;;;;;;;;;;x
gtfo_D42_title;D42 ���� �㰡;;;;;;;;;;;;x,,
gtfo_D42_desc;D42������ ���踦 ���� ���� �Խ��ϴ�.;;;;;;;;;;;;x
gtfo_D43_title;D43 ���� �㰡;;;;;;;;;;;;x,,
gtfo_D43_desc;D43������ ���踦 ���� ���� �Խ��ϴ�.;;;;;;;;;;;;x
gtfo_D44_title;D44 ���� �㰡;;;;;;;;;;;;x,,
gtfo_D44_desc;D44������ ���踦 ���� ���� �Խ��ϴ�.;;;;;;;;;;;;x
gtfo_D45_title;D45 ���� �㰡;;;;;;;;;;;;x,,
gtfo_D45_desc;D45������ ���踦 ���� ���� �Խ��ϴ�.;;;;;;;;;;;;x
gtfo_D46_title;D46 ���� �㰡;;;;;;;;;;;;x,,
gtfo_D46_desc;D46������ ���踦 ���� ���� �Խ��ϴ�.;;;;;;;;;;;;x
gtfo_D47_title;D47 ���� �㰡;;;;;;;;;;;;x,,
gtfo_D47_desc;D47������ ���踦 ���� ���� �Խ��ϴ�.;;;;;;;;;;;;x
gtfo_D48_title;D48 ���� �㰡;;;;;;;;;;;;x,,
gtfo_D48_desc;D48������ ���踦 ���� ���� �Խ��ϴ�.;;;;;;;;;;;;x
gtfo_D49_title;D49 ���� �㰡;;;;;;;;;;;;x,,
gtfo_D49_desc;D49������ ���踦 ���� ���� �Խ��ϴ�.;;;;;;;;;;;;x
gtfo_D50_title;D50 ���� �㰡;;;;;;;;;;;;x,,
gtfo_D50_desc;D50������ ���踦 ���� ���� �Խ��ϴ�.;;;;;;;;;;;;x
